,attraction__id,attraction__name,attraction__location__lat,attraction__location__lng,attraction__opening__hours,attraction__rating,results__type
0,UA2M9QFZghe-9th2KwLoWQ,Burger & Lobster,40.74007,-73.99344,1130.0,4.0,Seafood
1,L7_siqDfU4-ZA17YtA-SBg,Silver Factory,40.709227,-73.958598,1700.0,4.5,Korean
2,ysqgdbSrezXgVwER2kQWKA,Juliana's Pizza,40.702615303009296,-73.99341599935491,1130.0,4.5,Pizza
3,VrCCr45dhN-RRM107iptdg,Russ & Daughters,40.722609028877294,-73.9882828294139,800.0,4.5,Bagels
4,CwOAKJdX8AMz5iAoA-ZEuA,Uglyduckling,40.686023,-73.991302,1130.0,4.0,American (Traditional)
5,mXLrVoEi80WZaZ3agBP5Jw,Bijan's,40.68803,-73.98671,1130.0,4.0,American (New)
6,oOsJn3leUnWDfErRWMf81g,Soco,40.693866,-73.964535,1200.0,4.0,Cajun/Creole
7,u5iwtmfzGCqGYCYOTzQrQA,Midwinter Kitchen,40.73542,-73.98293000000001,1730.0,4.5,American (New)
8,3gqKLANaXNsHZnPDjKrcTg,Win Son,40.70747,-73.94339000000001,1730.0,4.5,Taiwanese
9,fVbUVAiLiGgLA_nxBFxyww,Thursday Kitchen,40.7275,-73.9838,1800.0,4.5,Korean
10,tsiC3VpO-hZEb98Qk3p-DQ,Amy Ruth's,40.802466318157,-73.950421812439,1100.0,4.0,Southern
11,I2lgw_7DUnwD92ND4PN-Ow,Aunt Jake's,40.7190315,-73.99771609999999,1100.0,4.0,Italian
12,GxMhN2PEttvw7CRGIzB6Gg,Baron's,40.6908116,-73.95391500000001,1700.0,4.5,American (New)
13,Ei5qjq0qmfNLkdVoO-S5Tw,Raffetto's,40.728159999999995,-74.00171999999999,900.0,4.5,Specialty Food
14,rU9cKxAVU4Gd_JhAqp_bTA,Buttermilk Channel,40.675919,-73.999059,1130.0,4.0,American (New)
15,X8ZS-dgiMIJvhwf9SaDnjw,Wah Fung No 1 Fast Food,40.71735,-73.99457,900.0,4.5,Chinese
16,-134ZvJ4lgiqx-sjRBWQ9g,Totto Ramen,40.7643285462369,-73.9876558773155,1200.0,4.0,Ramen
17,hmdm-dO72hLsMQwQRcGEUQ,Atrium Dumbo,40.7033899,-73.9904923,1130.0,4.0,American (New)
18,vyoA8dxwScuMV_AsTcjQcg,L & B Spumoni Gardens,40.594659410461205,-73.9815150338912,1100.0,4.0,Pizza
19,bBDzXNM7Y7_8WE2Sm6R_ig,Gotham West Market,40.7624395,-73.9971462,800.0,4.0,Food Court
20,NiFmuqLM-apdMX_jBPVIgw,Rabbit House,40.71725,-73.99329,1730.0,4.5,Tapas Bars
21,tiSw-6DIm3-mMORyEIOVyg,The Boil,40.71974,-73.99339,1700.0,4.5,Cajun/Creole
22,zj8Lq1T8KIC5zwFief15jg,Prince Street Pizza,40.7229087705545,-73.99448633193971,1000.0,4.5,Pizza
23,Q9F2ocrmYuGt1yn3M7MOBw,Lucali,40.6818,-74.00024,1800.0,4.5,Pizza
24,FZYmp5c1VtWNfe635G_wsQ,Taste of Heaven,40.717115,-73.940613,1200.0,5.0,Soul Food
25,Rc1lxc5lSKJYd162JHNMfQ,Bea,40.7591968,-73.99233609999999,1700.0,4.0,American (New)
26,nU4XBdvxDABXqZ6CnB8Dig,Clinton Street Baking Company,40.721128,-73.983933,800.0,4.0,Bakeries
27,oe8GEFE4QLFAKt87y7zcgA,Very Fresh Noodles,40.742338700848606,-74.00625,1100.0,4.0,Taiwanese
28,43r4ynjeIZeQI1w7SWARuQ,Topaz Noodle Bar,40.764442443847706,-73.9789733886719,1130.0,4.0,Thai
29,H9GD7km7riFooM0FkdwOPg,Calle Ocho,40.7831208393736,-73.9737190394484,1530.0,4.0,Cuban
30,-0bpc5pvK6siYMIlCSmXWg,Emily,40.683519233484795,-73.9664132321178,1730.0,4.0,Pizza
31,KfaG5PoTEPpbODHBta9irw,Hakata Tonton,40.73333,-74.00331,1730.0,4.0,Japanese
32,1wcPwByfVs7bh7W1dWWIIQ,The Usual,40.72056,-73.99526999999999,1830.0,4.5,Comfort Food
33,qEe7nIhPfEL6L0-VYhWRrA,Raku,40.72728,-74.00251999999999,1200.0,4.5,Japanese
34,NXZFu7KHBrG02gzYneY5Xg,Ugly Kitchen,40.7266856651479,-73.98621789814759,1700.0,4.0,Bars
35,axqp3pGJXnTLgq2QrPyDyQ,Benemon,40.72551,-73.98838,1730.0,4.0,Japanese
36,MhceeLrM2_3mcKw5EGLY6A,Pure Thai Cookhouse,40.764291,-73.988159,1200.0,4.0,Thai
37,7Qvh0oFRsoqrO9qNlcMKXQ,Saigon Shack,40.729690000000005,-74.000629,1100.0,4.0,Sandwiches
38,KPGZ6zr6lUX9YROjGcUbtw,Peri Peri Grill House,40.684740000000005,-73.92916,1200.0,4.5,Fast Food
39,Lbs8QBRN1U7IYBo5Mcv-RQ,88 Lan Zhou Handmade Noodles,40.7155,-73.99675,1100.0,4.0,Chinese
40,xtxcAUvrD4dWHJd0cwvW1A,JeJu Noodle Bar,40.73304,-74.00734,1700.0,4.5,Korean
41,q2bIyvU8CQwiB6xe_iVs0g,Fan Fried Rice Bar,40.69099,-73.95586999999999,1300.0,5.0,Taiwanese
42,J9UA6rzI5WW_cDGjwDnF5g,Tsurutontan Udon Noodle Brasserie,40.736779999999996,-73.9910699,1200.0,4.0,Japanese
43,SULHf6nGQ8sK0UpG1XU30w,Los Tacos No.1,40.7575067,-73.98777170000001,1100.0,4.5,Tacos
44,4KHjnRNvrkKHchEznhlnSA,Sweet Chick,40.718423,-73.95742790000001,1100.0,4.0,Southern
45,HFOiW4RvijuoblE4DD3JwA,Dekalb Market Hall,40.690584,-73.982326,700.0,4.0,Food Court
46,cGx9CYLxw6fqUQU-MFup8A,Milk & Cream Cereal Bar,40.71958,-73.99654,1200.0,4.5,Ice Cream & Frozen Yogurt
47,JV5oa5-KGdiWnqrKPoxSug,Absolute Bagels,40.80251,-73.96745,600.0,4.5,Bakeries
48,GA5msU6NO9rQRctPfDJCBg,Peaches HotHouse,40.6833699737169,-73.9437798410654,1100.0,4.0,Southern
49,nOjGNqPcu5jHRRElOndQqQ,Red Hook Lobster Pound,40.6797687107191,-74.0103686973453,1130.0,4.0,Seafood
50,9jRwUN3z7k0seLOzWERVeg,Ramen-Ya,40.732535999999996,-74.001681,1200.0,4.0,Ramen
51,rBUTVjRs5CcEMe3dfVRZJQ,Ho Foods,40.72634,-73.98478,1700.0,4.0,Taiwanese
52,OxqUWRZFUOz3r6_4bh4mfg,Cock & Bull,40.756090882367296,-73.9804858350908,1100.0,4.0,British
53,IGZkGbwE36iE1yaDW5NNKA,The Flying Cock,40.745296,-73.978073,1100.0,4.0,Pubs
54,P5gcdU1DX9M1V4W-V9o-wg,The Bear,40.7128339,-73.9663587,1600.0,5.0,Fast Food
55,UPWw9bfj0-7CJqxTIY8gxg,Burmese Bites,40.74655,-73.94282,1130.0,5.0,Burmese
56,Zzvqc7XcyGVX5bnjGN9IXA,Pig Beach,40.6795819645482,-73.9886936657017,1700.0,4.0,Barbeque
57,vW7sMAxt4YcUS8tWONaX2g,The Gumbo Bros,40.68925,-73.9918,1130.0,4.5,Cajun/Creole
58,WIhm0W9197f_rRtDziq5qQ,Lombardi's Pizza,40.72164,-73.9957,1130.0,4.0,Pizza
59,LpVbI-E9C-CSp7WhU5h2Iw,Fishmarket Restaurant,40.70717,-74.00192,1800.0,4.5,Seafood
60,uBGjcW-GuYy_qSvMykuISA,Pommes Frites,40.730022,-74.000152,1100.0,4.5,Belgian
61,lWOkeS-wV4no8qqA9OwwEg,Doughnut Plant,40.7163944930004,-73.9886098620298,630.0,4.5,Donuts
62,eTR6nfHvQzvKX7Dcd6JrfA,District Social,40.75369,-73.99136,1130.0,4.0,Bars
63,0GN6l4FAknTFSWZhEan45A,GunBae,40.714683,-74.010223,1130.0,4.0,Korean
64,F2YbqhVr6hBsFrDCyr6M_w,The Meatball Shop,40.7459138,-74.0015369,1130.0,4.0,Italian
65,7OMGEtFWT6sdd9TVuoGqJQ,Okonomi,40.712621999999996,-73.9487843,900.0,4.5,Japanese
66,6VLeSnx90q9Xgd6aHUO_JQ,The Plaza Food Hall,40.764223,-73.974561,800.0,4.0,Food Court
67,zwOAiVT4pAmpNGXzj-t5MA,Lilia,40.71757,-73.95236,1730.0,4.0,Italian
68,sf2gojrmtux0sqRae3TtMQ,NISI,40.7325,-74.00386,1630.0,4.0,Greek
69,PBowYD8-vzqbv4yx0TilVg,Ramen Shack,40.7554119,-73.9414266,1100.0,4.5,Ramen
70,n1xpGOPa7XRq4or7QLjzHw,DokoDemo,40.72638,-73.98964000000001,1130.0,4.5,Teppanyaki
71,tW8a8-MX_lVoshmKRLUuHQ,Caracas Arepa Bar,40.713214,-73.957397,1200.0,4.0,Venezuelan
72,ZCAkVl5SeCDeBWg_xjfYeg,Clay Pot NYC,40.7279880270274,-73.9865907985248,1700.0,4.5,Chinese
73,moaPtBNbQ5VNu2Z0ilCVGQ,Walter's,40.6894111633301,-73.973258972168,1100.0,4.0,American (New)
74,vn4rgAzSoUxf_juu9nCvlw,Mahji,40.7114433254982,-73.9476156974959,1700.0,4.5,Chicken Wings
75,L7SAE6REtK71TNI2C98_bQ,Ali's Trinidad Roti Shop,40.68065,-73.95061,1130.0,4.0,Trinidadian
76,ZLPYcgEeRllSoeWyr7y4Ig,Totonno's,40.578804999999996,-73.983811,1200.0,4.0,Pizza
77,a6SzfZ2F-uELmymusQVMBg,Karczma,40.729977000000005,-73.955128,1200.0,4.5,Polish
78,1_JEFOI19hAu3VoODcTUvw,Shinsen,40.715579999999996,-73.9967,1000.0,4.0,Sushi Bars
79,wqdFd3DZD_uTXRW784mFkg,A-Pou's Taste,40.71326,-73.93616,700.0,4.5,Taiwanese
80,TGP5gbAgml0IDRLGCpFnCw,PMF Pardon My French,40.72473,-73.98115,1730.0,4.0,French
81,r2JVKalbucGf2nryywuL2w,Kopitiam,40.71387,-73.99091,900.0,4.0,Malaysian
82,yH6t1JWcwkdWG4CS5KPvow,Adrienne's Pizzabar,40.7043362,-74.0101733,1130.0,4.0,Pizza
83,v4_89HfTm05NFTuukjsl_g,The Burrito Box,40.76831,-73.98565,1100.0,4.0,Mexican
84,WFOaud0jlpXQ9aEecipUqg,Las Ramblas,40.731958,-74.00154859999999,1700.0,4.0,Tapas/Small Plates
85,ynIx549QFj29o84y1RSGyw,Bao Bao Cafe,40.740829,-73.983474,1100.0,4.0,Cafes
86,_Mw7GRIAeBGvzptzyxZQFw,Poke Bowl,40.721342925748,-74.0049250188835,,4.5,Poke
87,6uIOYlN8xkokcVBD_oDFBw,Dan and John's Wings,40.727855700000006,-73.98531340000001,1100.0,4.5,Chicken Wings
88,4XX-zF8h5Lvrr22_tqU6-Q,The River Café,40.703179999999996,-73.99464990000001,830.0,4.0,American (New)
89,3glTTm7uDvRPAglP7CzaRQ,Selamat Pagi,40.723255,-73.944633,1730.0,4.0,Indonesian
90,fmrtc7AsD7GS3BAfJ8QQHQ,Gentleman Farmer - Fort Greene,40.69307,-73.9711,1700.0,4.5,American (New)
91,RrNe_0PReWHXAnjTEXBikQ,Luke's Lobster Brooklyn Bridge Park,40.703590000000005,-73.99410999999999,1100.0,4.0,Seafood
92,9aJ1MVTthZw3QjqoG7mPjg,Rosie's,40.724920000000004,-73.99079,1200.0,4.0,Mexican
93,1Q3oaJahyGRogDWgpo7PIw,Five Leaves,40.72371830945,-73.95159863632,800.0,4.0,American (New)
94,OAqsZMbjv66nOMqlimnYuQ,Uva,40.77216,-73.95555999999999,1600.0,4.0,Italian
95,BprO0tybje6_T6HdT6icyQ,Bunsmith,40.671844482421896,-73.9572525024414,1700.0,4.0,Asian Fusion
96,0L03onqNwxWLrbb_FCK79A,SriPraPhai Thai Restaurant,40.746498700000004,-73.8992328,1130.0,4.0,Thai
97,gUJ6pHYd_fp2Ypq377P_vA,Williamsburg Smorgasburg - Saturday,40.721021,-73.962177,1100.0,4.5,Food Stands
98,4U6AEMuTx34o3i84G0Hc0w,Masha and The Bear,40.711978,-73.942403,1300.0,4.5,Russian
99,eS9mTLlWwu_Ap2ROMQWPxg,Chuko,40.680784,-73.967455,1200.0,4.0,Asian Fusion
100,1Q3oaJahyGRogDWgpo7PIw,Five Leaves,40.72371830945,-73.95159863632,800.0,4.0,American (New)
101,OAqsZMbjv66nOMqlimnYuQ,Uva,40.77216,-73.95555999999999,1600.0,4.0,Italian
102,BprO0tybje6_T6HdT6icyQ,Bunsmith,40.671844482421896,-73.9572525024414,1700.0,4.0,Asian Fusion
103,0L03onqNwxWLrbb_FCK79A,SriPraPhai Thai Restaurant,40.746498700000004,-73.8992328,1130.0,4.0,Thai
104,gUJ6pHYd_fp2Ypq377P_vA,Williamsburg Smorgasburg - Saturday,40.721021,-73.962177,1100.0,4.5,Food Stands
105,yrXECkTezsI0Twgalc7M-A,Bolivian Llama Party,40.694983,-73.991036,1000.0,4.5,Food Stands
106,6Ct7OeTRn4caY9g0swFBsw,La Contenta,40.71873,-73.98691,1600.0,4.5,Mexican
107,ONQRhDuWv0e9R5xOiI7YAA,Gyu-Kaku Japanese BBQ,40.75908,-73.98989,1130.0,4.0,Japanese
108,bnDfFdiCcPzhuNWUJORvLQ,Noodle Village,40.714166999999996,-73.99880300000001,1030.0,4.0,Chinese
109,lynQoI3w_pzYfHGeuUU-Qg,Shu Jiao Fu Zhou Cuisine Restaurant,40.7184290357839,-73.9916928979573,930.0,4.5,Chinese
110,_saXnBy0Wq2Gb3YusWZhqw,Five Senses,40.747573158626,-73.9863122632311,1000.0,4.0,Korean
111,wfGFM8zvdw9Zs-jxsTdjww,Soju Haus,40.746899,-73.985474,1700.0,4.0,Korean
112,m5tGGjyfjoQ_EOalKoJUAQ,PokéBowl Station,40.68114,-73.97495,1130.0,4.5,Poke
113,v0DwpyNrKeS2ZhfMjVu8lg,CajunSea & Oyster Bar,40.7483352,-73.98677009999999,1130.0,4.0,Cajun/Creole
114,E6Y4ICdoqtYkFilRLfrOHA,Ducks Eatery,40.730625200000006,-73.98462679999999,1700.0,4.0,French
115,clOFor0bFSjse7EUfdRacg,Faro,40.707407,-73.922839,1800.0,4.0,Italian
116,-BOAKHyKKAXE1WhuVpMFkQ,The Good Fork,40.675990000000006,-74.01432,1730.0,4.0,American (New)
117,Wbmqg0TkOVkzNh3HrJ9DIQ,Vietnaam,40.779148101806605,-73.9504165649414,1130.0,4.0,Vietnamese
118,KJFosOrLotvQo_rntg0sjA,Bricolage,40.67792,-73.97975,1100.0,4.0,Vietnamese
119,9AXTJkwXdWaJaQkCjpj6mA,Sunday in Brooklyn,40.714145,-73.965322,830.0,4.0,American (New)
120,sPQJUmqKDoGkEHPhRjS4ag,Poke City,40.69133,-73.99101,1030.0,4.5,Poke
121,zcPWqsiqaPpNh8nJXR4gpw,The Commodore,40.7138257110445,-73.9556050300598,1600.0,4.0,Bars
122,YFvF4r2D-wJOgJAOvanaZQ,Gnoccheria by Luzzo's,40.723315,-73.98313900000001,1700.0,4.0,Italian
123,WG639VkTjmK5dzydd1BBJA,Rubirosa,40.72275,-73.99622,1130.0,4.0,Italian
124,W4hobe10Fy54MKqmLaObEg,Cafe Mogador,40.727258767439,-73.9845085144043,900.0,4.0,Moroccan
125,nrxSzq-VxLqD7aFkE4SH3Q,Cocoron,40.72072360000001,-73.9953191,1200.0,4.0,Japanese
126,EAqXEChadTFNm2flg_Y6IQ,Meet Noodles,40.639790000000005,-74.00546,1100.0,4.0,Noodles
127,v9iDXBSzpwaYHnPA0XkEkw,Simple NYC-Downtown Brooklyn,40.688520000000004,-73.98817,1100.0,5.0,Poke
128,X2C0_I0seTtjW9uL8e8FBw,Don Chingon,40.681043122149404,-73.9752403260395,1600.0,4.5,Mexican
129,eN8Cmf0Vxucyg02NyP7mbw,Father Knows Best,40.6901735,-73.9069755,800.0,4.0,Bars
130,AHVlPpOkiEl9maijGhar-Q,The Meatball Shop,40.736125,-74.00060699999999,1130.0,4.0,Italian
131,XEugUtbw4rRmGr9S1XA-aQ,Alta,40.7345163811398,-73.99833696196829,1730.0,4.0,Tapas Bars
132,AtUxlW7ltZb73ZXMwpkY_g,Sashimi Ramen Express,40.77215,-73.95411,1130.0,4.5,Sushi Bars
133,_hNMRzm0QhR7I41plTbyXw,Nowadays,40.6930436149127,-73.901419658197,1600.0,4.0,Bars
134,BPyt7S9TdcR1u571iacg7g,The Kati Roll Company,40.75269,-73.98465999999999,1100.0,4.0,Indian
135,ga6sRtE0l85iftw_5-W84Q,Dominique Ansel Bakery,40.72522,-74.00291,800.0,4.0,Bakeries
136,FsuJ7VC5vxX3wcLhFrb97Q,Oiji,40.727270000000004,-73.98585,1800.0,4.5,Korean
137,VDz9n7gwcq51wOAbTBdXxA,The Food Sermon Kitchen,40.6647720336914,-73.9535217285156,1700.0,4.5,Caribbean
138,Drb6I9masZDvxQUVcqE2ww,Ho' Brah a taco joint,40.623006,-74.031548,1100.0,4.0,Mexican
139,7iY35991NhQ1AShJZCNZgA,Sakagura,40.7516467024541,-73.9729489318165,1130.0,4.0,Japanese
140,BYnd0Kbkrjhz0CGKMF1lqg,Modern Love Brooklyn,40.70983,-73.95109000000001,1730.0,4.5,Vegan
141,vec8jeVbbSGzVlStl0Xp_Q,Chikarashi,40.71787,-73.99948,1130.0,4.0,Poke
142,mTWlEiCUEBlxBAkIikkB1A,Carmine's Italian Restaurant - Upper West Side,40.791077,-73.973763,1100.0,4.0,Italian
143,wfhMIiMh2A2psCGONOVSlg,Han Dynasty,40.732071999999995,-73.988074,1130.0,4.0,Szechuan
144,ADul90IX8-TdDaciLIS6pA,Petisco Brazuca,40.692485299999994,-73.9431117,1000.0,4.5,Brazilian
145,9-vKFnUby_6-pR6UJxjzMw,Sun Hing Lung Co,40.71275,-73.99508,730.0,4.5,Chinese
146,qY1o1MhoRyN84RRhUJtvpQ,Her Name Is Han,40.74626,-73.98473,1200.0,4.0,Korean
147,nD7Hcq5aaCASbWzc0-Sg3A,Bobwhite Counter,40.7236015861162,-73.9790162460327,1500.0,4.5,Southern
148,xQ445GaWVN5Aa3sFX9OoIg,Buvette,40.732704,-74.004317,700.0,4.0,French
149,XSwagBljEsxG2i1rq4GEAQ,Almondine Bakery,40.7033174,-73.99125059999999,730.0,4.0,Bakeries
150,aac8M8uK8XUDBNUR_SyZdw,The Bao Shoppe,40.7143451,-73.9905184,1130.0,4.0,Asian Fusion
151,XSwagBljEsxG2i1rq4GEAQ,Almondine Bakery,40.7033174,-73.99125059999999,730.0,4.0,Bakeries
152,1Jjg8-vQVRQqqtL4sODi5g,Mekelburg's,40.687542,-73.962334,800.0,4.0,Specialty Food
153,cUyfnb3E7HvzNfbTgTjl_Q,Despaña,40.721068599999995,-73.99790829999999,1000.0,4.5,Spanish
154,2sEz9R32BVOCv2QNfNDyCQ,The Pint shop,40.741856,-74.0071724,,3.5,Ice Cream & Frozen Yogurt
155,_eC8r8yMhcmDL7PWmaNK9w,Brooklyn Crab,40.675264899999995,-74.016568,1130.0,3.0,Seafood
156,4DQ1S0s5ViRsw_wpcT65cw,John Brown Smokehouse,40.7489,-73.95009,1130.0,4.0,Smokehouse
157,UinIRaZuSSYlLrOrhy2V0Q,Catfish,40.674106,-73.953529,1100.0,4.0,Bars
158,q2VwOuFDRJyIUfUFy8HQzg,Suspenders Restaurant & Bar,40.70861,-74.01361999999999,1100.0,4.0,Gastropubs
159,-b3J-5K_beWyGxQ1Id7KQg,Jeepney,40.730294,-73.9835395,1800.0,4.0,Filipino
160,SP4bvMvxel_UPdof_er3HA,Taco Mahal,40.732337,-74.003303,1100.0,4.5,Indian
161,N5MArV2mu4PRBER8Mapdwg,La Goulette,40.71483,-73.96157,1200.0,4.5,Mediterranean
162,KJTTqIxuB0BEsYxLaYyAZw,Tonkatsu Matsunoya,40.753349304199205,-73.9741592407227,1130.0,4.0,Japanese
163,XzKGxGoKCCNqTolEPXQwHw,Little Egypt,40.70805,-73.89814,800.0,4.5,Egyptian
164,af_i3fBov6BCMSfp5rrAdg,Ramen Lab,40.72099179999999,-73.9963582,1700.0,4.0,Ramen
165,Kh0-HmlgmVUkRxR55_Vn1g,Patsy's Pizzeria,40.797129999999996,-73.93481,1100.0,4.0,Pizza
166,UKy0nNjMkOBEU3dOCH831w,Cuba Restaurant and Rum Bar,40.729084,-73.998832,1130.0,4.0,Cuban
167,VzstANC68PM1BbyOcDXEtw,Donburiya,40.76528,-73.98326,1200.0,4.0,Japanese
168,Hc2KkfFWYnWYtL11_F40Ew,Brooklyn Ice House,40.679190000000006,-74.011099,1200.0,4.5,Barbeque
169,pzqb1u_GeU-vkrk_KdFieQ,Brooklyn Roasting Company,40.704228,-73.986241,700.0,4.0,Coffee & Tea
170,jhpeHVxJSmGdD61MTrKi7A,Salud Bar & Grill,40.6846559,-73.9090595,1200.0,4.0,Latin American
171,XHhRAKq6DArQXYhkgvwaow,Spaghetti Incident,40.722315344143894,-73.9899454318763,1730.0,4.0,Italian
172,Iqq4qDMOllbq5VWUy2jsug,Hawaii Poke Bowl,40.6133250651476,-74.158935919404,1100.0,4.5,Bubble Tea
173,7xpbioe88rnW7JjzLEQeRg,Samurai Papa,40.702892072912,-73.943588398397,1200.0,4.5,Japanese
174,keOMomcnyrJEQvFtfEYadg,Swell Dive,40.689183858613,-73.9549609646201,800.0,4.0,Filipino
175,Pfjb9Rn5Th7R-pLXVARwlA,Jin Ramen - West Harlem,40.8154774,-73.9587672,1130.0,4.0,Ramen
176,zYYx6zMrdWKJj623Y2ZZXw,Tapanju,40.723459999999996,-73.9827,1700.0,4.5,Tapas/Small Plates
177,b9Qd4jaxugk7Zo7LE_lLrg,OddFellows Ice Cream Co.,40.702953,-73.992076,1200.0,5.0,Ice Cream & Frozen Yogurt
178,6YsCjSkCoUJ6rVDJe04Yuw,Lhasa Fast Food,40.747479999999996,-73.89183,1130.0,4.5,Himalayan/Nepalese
179,49ST--X1jcIPzUIM1O3K6w,Mominette,40.7032458,-73.9258954,1100.0,4.0,French
180,8wMJdpw2R_4VfS55itB_gQ,Sweetwater Restaurant,40.7184736,-73.96001779999999,1100.0,4.0,American (New)
181,NoRZRkGA0ed2e_Mv0Cquuw,Empanadas Cafe,40.740319899999996,-73.85311,700.0,4.5,Empanadas
182,hFmz7HH2og9hn7xNNv20yw,Il Porto Ristorante,40.6974427,-73.96751970000001,1100.0,4.0,Pizza
183,nGpC40fxoDQ-Ft0h-_gkVg,Bedouin Tent,40.6869769801458,-73.984394049936,1100.0,4.0,Middle Eastern
184,Z-hDHjP4Eza6BA4G97tzVA,BLVD Bistro,40.8058608,-73.94699809999999,1200.0,4.0,American (Traditional)
185,4axlhxyN2bKuRWfnY2IhuQ,Tabaré,40.713046000000006,-73.958968,1700.0,4.0,Latin American
186,zXCGF0XtqjOv1s4DUHOtqg,Hart's Restaurant,40.681458,-73.955893,1730.0,4.5,American (New)
187,qcMpRNrnS6gggYv28dgm_A,Belle Reve,40.719489700000004,-74.00411438836059,1200.0,4.0,Bars
188,f8TZ_ctcSwxwW8S69YKnwg,Il Bambino,40.762809999999995,-73.92089,1030.0,4.5,Italian
189,u0qfikB-ppp6UwoNKqxlRw,Flame,40.78396,-73.97444,1200.0,4.0,Sushi Bars
190,3omBIylGFJugwLgNgUgOXw,Bar Bacon,40.7664356,-73.98676400000001,1200.0,4.0,Gastropubs
191,CaizM2WaGPX5eRLDOJaqIw,Angkor Cambodian Bistro,40.762260437011705,-73.9591445922852,1200.0,4.5,Cambodian
192,FC2uST9JpPCFmjDcMDVZMA,Naked Crab,40.7585,-73.83466999999999,1600.0,4.0,Seafood
193,2A2DCuV8cuoUoT3Kt2XTcg,Minnie's,40.72045,-73.98448,1800.0,4.0,American (Traditional)
194,csVEpHy5KJoFvM1qp5XwLQ,Le Parisien,40.745407930879296,-73.97914783068849,1200.0,4.0,French
195,W8klIp0hw6lbrqpIar5AKg,The Bari,40.72862,-73.99226999999999,1700.0,4.0,Korean
196,FCms-eFFxnpMLm09AJridQ,Peaches Shrimp and Crab,40.6879838,-73.9625478,1100.0,4.0,Seafood
197,dgaNriM1VdI2nGochhHE_g,Casa Enrique,40.743404338358005,-73.95435036769301,1700.0,4.0,Mexican
198,kr_Wu5m0P-AEghraNqXeTA,Ikinari Steak East Village,40.73088,-73.98968,1100.0,4.0,Steakhouses
199,i8F0fnempD5fTb2CxbwKDw,Izakaya,40.72667,-73.98738,1800.0,4.0,Izakaya
200,AjlmpAQV8W4--y0EksO-9g,Simple NYC,40.71821,-73.99223,1100.0,4.5,Poke
201,k5fd-RSdG4IuXnnGSQ5oOw,San Marzano Pasta Fresca,40.727989,-73.98845,1100.0,4.0,Italian
202,yEWj9Vm-UyYsBD1l8oCwCA,Taylor Made Jamaican Eatery,40.6876188273664,-73.95965684205291,1200.0,4.5,Caribbean
203,c6R_hvUwsqXX2MUXWtO94Q,Nakamura,40.717975,-73.98511500000001,1130.0,4.0,Ramen
204,2N0rmZr3YVSa_sZYTJHxIA,Imani Caribbean Kitchen & Bar,40.689413,-73.970866,1700.0,4.5,Caribbean
205,N5UY113nNpeKdLPv0cbMjQ,The Wild Son,40.74073,-74.00836,1000.0,4.5,American (New)
206,yZs_A8r0qDz7Z5bR0C-aiQ,Black Tap Craft Burger & Beers,40.76347,-73.97978,1100.0,4.0,Burgers
207,L3reOLLPez7lnOhyfCpvkg,Shinka Ramen & Sake Bar,40.7170795322745,-73.9952574670315,1700.0,4.5,Ramen
208,8IzVyi4kNO_lpEW1r_DbiA,Houdini Kitchen Laboratory,40.694148,-73.902337,1700.0,4.0,Pizza
209,NGcz0alNBJVnirAL-r8K9g,Hot N Juicy Crawfish,40.7395099255823,-74.0016006497376,1200.0,4.5,Cajun/Creole
210,_tHF8-3rbyMesgdkQzB2yQ,Serendipity 3,40.761851,-73.9649001,1130.0,3.0,Desserts
211,swKXaURwqdSrSTcpHsxdbA,Lowerline,40.674209999999995,-73.96324,1700.0,4.5,Cajun/Creole
212,h5WkewI6U7NjLB_n6WgdvQ,HandCraft Kitchen & Cocktails,40.74103,-73.98132,1600.0,4.0,Cocktail Bars
213,JXcYD52B4190gIh6_RSXCg,Lilly's Craft and Kitchen,40.761379999999996,-73.99070999999999,1100.0,4.0,Bars
214,04NdwZnSFH3FXFBtwCrrAg,Home Sweet Harlem,40.819320000000005,-73.95217,1500.0,4.0,Breakfast & Brunch
215,m2Zsy2UAkcDf0cRzk2Yoqw,Madame Vo,40.72925,-73.98612,1200.0,4.0,Vietnamese
216,shTLI1GCcZ9rosFdt8d2Xg,Purbird,40.67985,-73.97518000000001,1130.0,4.0,American (New)
217,diz6_4TVSP6EdWEZCZ0Acg,Kaoru,40.75202,-73.96977,1130.0,4.5,Japanese
218,JRmQRFEEnSUdAcesHun9AQ,ICHIRAN - Brooklyn,40.707587,-73.93327099999999,1100.0,3.5,Ramen
219,zWem2SAbFc7lIYR2y9DE0g,Harlem Public,40.828717774457004,-73.94844122544241,1100.0,4.0,American (New)
220,RVKZSIN16FNL0ZXD6OUMrA,The Sosta,40.72075,-73.9957,1200.0,4.0,Italian
221,guLhJRVpZAYrkSbFuyb5_Q,honeygrow,40.6925,-73.99141,1030.0,4.0,Salad
222,DZaN3bNWfwcm__sNw5bvDg,Daniel,40.76677367978579,-73.967607,1730.0,4.5,French
223,ssGhu4n3emZ9kEPVf371IQ,Cookshop,40.7454251,-74.0056084,800.0,4.0,American (New)
224,30pqvzHrCNmnodJCRyzrTg,Snacky,40.71439,-73.9607,1800.0,4.0,Asian Fusion
225,AgAkUVLN_axMY-bzbNCfCw,Yuca Bar,40.7262,-73.9836,1000.0,4.0,Latin American
226,mKmKId5enFqX7Tt8A6xgvQ,Berg'n,40.677258,-73.957327,800.0,3.5,Bars
227,wXpCNNTT2kqh-fTnSWXdEA,Shake Shack,40.780820706057796,-73.97655167234679,1030.0,4.0,Burgers
228,_URXTaYBbd2XX5qJbDkKAg,Taco Morelos,40.71783,-73.95773,,4.0,Mexican
229,SjG7CnTIuUBIo9T4BThkGQ,Employees Only,40.73343,-74.00607,1800.0,4.0,American (New)
230,VLalQ0Liwa87176u3Fx3SQ,Denizen,40.716268299999996,-73.9554395,1700.0,4.5,Wine Bars
231,S-619sO8qSxQcis0DBHvNw,Cafe Hanamizuki,40.7474471,-73.9915989,1100.0,4.0,Cafes
232,Y_KEf5yigAenMZJcXKP1Ug,Philly Pinoy,40.6792305,-74.011241,,5.0,Imported Food
233,uhXL4Hq63xakHg1O26ZsdQ,La Caye Restaurant,40.687133,-73.977615,1700.0,3.5,Haitian
234,Aazjxg21VH2cncWYBAv68Q,Sottocasa Pizzeria,40.688285,-73.989006,1700.0,4.5,Pizza
235,OCTiJwvjoK81WoDwsTkFvA,Paesano of Mulberry Street,40.718624,-73.997665,1130.0,4.0,Italian
236,BXiX5-ce4NNxsw7eUDZeOg,Giovanni's Brooklyn Eats,40.660134,-73.983551,1100.0,4.0,Italian
237,bL6gcUWgFt7mOZYT_FaGSg,Shake Shack,40.758412133689,-73.9891822636127,1100.0,4.0,Burgers
238,FAALx4s7PBtCZWKFqRNPNQ,Tiger Box,40.696337899999996,-73.972758,1000.0,4.0,Korean
239,wQGC93ETmivIlCbxLuAVcA,St. Mazie,40.71252,-73.95586999999999,1800.0,4.0,Bars
240,41kYchR12Eclmp1w_EzpfA,Wafa's,40.7117118835449,-73.9409408569336,1100.0,4.5,Lebanese
241,V9cBgn2RFLurwg6lwuLH7w,The Wei,40.68983,-73.98170999999999,1130.0,4.0,Chinese
242,3hCi3e-Ea62tdSdcdioR1g,El Rinconcito,40.72553,-73.977,,4.5,Latin American
243,HqVdTKCpOZWrCvUF9rG2sA,Brennan & Carr,40.600190000000005,-73.9422,1100.0,4.0,American (Traditional)
244,r-EDS_eO70HUgDmOk5_8Qw,Juniper,40.752472,-73.991463,1130.0,4.0,Cocktail Bars
245,6hw4ibsutVoMl_RK0aAJ7Q,The Black Derby,40.737266,-74.00399,1700.0,4.5,American (New)
246,eMPpgfTIZt-qEZWO1VzvFw,City Kitchen,40.75874,-73.98846,630.0,4.0,Food Court
247,np98mkA22LYf6kCwCL59pw,Rabbithole Restaurant,40.7122932799856,-73.9628687873483,900.0,4.0,American (New)
248,TO9IICJjvcg1QhLVnap9fA,Cent'Anni,40.6730907423467,-73.9573492245369,1100.0,4.0,Italian
249,PPQSf_1JWkbjFHi1S0nSNA,Lamoon,40.742890245749,-73.883034010715,1130.0,4.5,Thai
250,FAALx4s7PBtCZWKFqRNPNQ,Tiger Box,40.696337899999996,-73.972758,1000.0,4.0,Korean
251,wQGC93ETmivIlCbxLuAVcA,St. Mazie,40.71252,-73.95586999999999,1800.0,4.0,Bars
252,41kYchR12Eclmp1w_EzpfA,Wafa's,40.7117118835449,-73.9409408569336,1100.0,4.5,Lebanese
253,V9cBgn2RFLurwg6lwuLH7w,The Wei,40.68983,-73.98170999999999,1130.0,4.0,Chinese
254,3hCi3e-Ea62tdSdcdioR1g,El Rinconcito,40.72553,-73.977,,4.5,Latin American
255,HqVdTKCpOZWrCvUF9rG2sA,Brennan & Carr,40.600190000000005,-73.9422,1100.0,4.0,American (Traditional)
256,r-EDS_eO70HUgDmOk5_8Qw,Juniper,40.752472,-73.991463,1130.0,4.0,Cocktail Bars
257,6hw4ibsutVoMl_RK0aAJ7Q,The Black Derby,40.737266,-74.00399,1700.0,4.5,American (New)
258,eMPpgfTIZt-qEZWO1VzvFw,City Kitchen,40.75874,-73.98846,630.0,4.0,Food Court
259,np98mkA22LYf6kCwCL59pw,Rabbithole Restaurant,40.7122932799856,-73.9628687873483,900.0,4.0,American (New)
260,TO9IICJjvcg1QhLVnap9fA,Cent'Anni,40.6730907423467,-73.9573492245369,1100.0,4.0,Italian
261,PPQSf_1JWkbjFHi1S0nSNA,Lamoon,40.742890245749,-73.883034010715,1130.0,4.5,Thai
262,k8GFfCXO2FIIJIo0ICYSRA,Bao Bao Cafe,40.70854,-74.01366999999999,1100.0,4.0,Noodles
263,YMtQ5NZY3WUn3tetby6Uog,Taste of Persia,40.73891,-73.99298,1200.0,4.5,Persian/Iranian
264,d_rQ-nVpY6Z5C722Q5wpog,Defontes,40.67894443578329,-74.0053691263199,600.0,4.5,Sandwiches
265,uYLIo8FCr9Ug5SFORDdsPA,The Burgary,40.7193370804105,-73.9850228946549,1200.0,4.5,Burgers
266,H87m0azdhuw5uo6Y166uUg,Loi Estiatorio,40.765384999999995,-73.978002,1200.0,4.5,Greek
267,aJqjC4uAo6vhOpsVNCiMDA,Samba Kitchen,40.76095,-73.99115,1200.0,4.5,Brazilian
268,ZZxYVgodx2TxbYwh-0YU1w,Taqueria Tlaxcalli,40.836220000000004,-73.85488000000001,1000.0,4.5,Mexican
269,iBm8YTqNwrddsxWdqLPK-A,Caracas Arepa Bar,40.726965500000006,-73.9854223,1200.0,4.0,Venezuelan
270,JdXqygDw4yXQcy5lw9VI4A,Oasis,40.7177548450764,-73.9573632606763,1100.0,4.0,Middle Eastern
271,uc5qQMzs96rzjK27epDCug,Joe's Pizza,40.730559899999996,-74.00212990000001,1000.0,4.0,Pizza
272,bgxUUa_oI67p-eb2-oAKDA,CAFÉ MEDI,40.7199,-73.98803000000001,700.0,4.0,Mediterranean
273,oLcO1966IMx-Juv69hn6Cw,Copacabana,40.7565371,-73.9293383,1100.0,4.0,Brazilian
274,JaFHhBaCNRJYaGW9zeFQCQ,Beard Papa's,40.7822263,-73.9811905,1000.0,4.5,Bakeries
275,GpWXEpVyehmKP2WQsD_Y8g,OTB,40.71054,-73.96339,1700.0,4.5,American (New)
276,OcoixnwcHRTw0QEd6aV2Kg,Trader Joe's,40.716234057116296,-73.9867366234934,800.0,5.0,Grocery
277,vWoT1h8E2eWvIdJqpuxfdg, Tofu Tofu,40.7176299520983,-73.9954301342368,1030.0,4.5,Korean
278,VnjcxOUuZAeJMiDIU-7hUQ,Churrascaria Plataforma,40.76202,-73.98765,1200.0,4.0,Brazilian
279,b5x-Fw7I7Y88TdFIzvbsnw,Supermoon Bakehouse,40.71991,-73.9872,800.0,4.0,Bakeries
280,U9BX6bMvXHk8umBYnS3Dog,Dos Toros Taqueria,40.7336815475083,-73.9897049423153,1130.0,4.0,Mexican
281,-xeLK9VppWFh6AtP26Hxpg,Los Papi's,40.7021,-73.98444,500.0,4.0,Latin American
282,ep0-kdNh6o0F6rEKZBzmNw,Mom's Momo,40.7338884394303,-73.9880270674259,1030.0,5.0,Food Trucks
283,cRsIsiuoV11zX8oLY8brhQ,dumboLUV,40.7032593,-73.98665009999999,1600.0,5.0,American (New)
284,0gPXct_l_82phIEoKdtWZw,RYUJIN,40.711178187852,-73.9506256676857,1200.0,4.0,Ramen
285,blXVGUTB-4epYW9KFsQJ_g,The Greek Kitchen,40.7697614,-73.9881055,1100.0,4.0,Greek
286,McU7XI3HoWFELTDaGc1SEw,Ginger and Lemongrass,40.719120000000004,-73.98567,1100.0,4.5,Vietnamese
287,kwMkNIhhIexQk-nmloJlnw,Angel of Harlem,40.807978000000006,-73.952365,1700.0,3.5,Caribbean
288,mhrLDFTxUzW2koRAzjlt5g,Chavela's,40.673484,-73.957267,1100.0,4.0,Mexican
289,nyxmTe-It-tzfagvjkge1g,Burrow,40.7027217,-73.9868878,900.0,4.5,Desserts
290,sCHiXF4mZcsiY8_cBHNiqw,indikitch,40.742214202880895,-73.9904403686523,1030.0,4.0,Indian
291,8ig0yf0003DAp4YOGTlbVg,Spicy Village,40.71695,-73.99327,1000.0,4.0,Chinese
292,ci457I10hOtr9PpEQ5wpZw,Matsunichi,40.715919899999996,-73.9972499,1130.0,4.0,Japanese
293,DRUvC_16De3L-uyPwJTZPA,Nargis Bar & Grill,40.677857,-73.97914300000001,1700.0,4.5,Uzbek
294,kaSd6qzlsxn__ILDtGf3iA,Alice's Tea Cup,40.77802,-73.9787,800.0,4.0,Breakfast & Brunch
295,9hOtQc38qBmFWZP281Mkmw,Coney Island Brewery,40.573917,-73.984725,1200.0,4.5,Breweries
296,6tf6uGg424cOZTHIHa8Aiw,El Almacen,40.71679,-73.9564,1700.0,4.0,Argentine
297,zDtocZreqOXZAPWFJdrfig,Buffalo's Famous,40.638687899999994,-73.96843670000001,1700.0,4.0,Chicken Wings
298,_nywvJGzmWJEH2FceAvRbQ,Purple Rice Korean Kitchen,40.74964,-73.99466,1130.0,4.0,Korean
299,iK2jJQA72XRjf4nUD3cAnA,Tortilleria Mexicana Los Hermanos,40.7066299,-73.92198,1100.0,4.0,Mexican
300,fVsH6QIJPzXpVbgmeiolsA,Jungsik,40.71859101587379,-74.0088844299316,1730.0,4.5,Korean
301,YigI9naNis2hvBtlkXLTvQ,Ichabod's,40.7348034779301,-73.9883648628205,1700.0,4.0,American (New)
302,477o_-7VmcnTokazWtEa0A,Gray's Papaya,40.778378312186604,-73.98155817478158,0.0,3.5,Hot Dogs
303,2Bg8Jfl2FvH1unmvxNS0dQ,Sik Gaek,40.743485,-73.91483559999999,1500.0,4.0,Korean
304,QHYqNQhQ8NVK0RX68Y4PuQ,Levain Bakery,40.8049739,-73.9551513,800.0,4.5,Bakeries
305,f7jZvRH-h76F4emzvKytaQ,Tuk Tuk,40.743232,-73.954254,1200.0,4.0,Thai
306,wWmVAc4NnB3q0onYRM-RkA,Zundo-Ya,40.730861663818395,-73.9899444580078,1130.0,4.0,Ramen
307,mmFEdsr3os5z86aVP7tW0w,Tchoup Shop,40.70565,-73.92161,1100.0,4.0,Cajun/Creole
308,PFbhk_bq9FR-fkK__LJMkg,Wingstop,40.68842,-73.98199,1100.0,4.0,Chicken Wings
309,1u_vkRFPuT8Aeh7Zk3bKyw,Galata Mediterranean Cuisine,40.745309999999996,-73.97753,1100.0,4.5,Turkish
310,O1fUmxt3kbV-rnyjBtzAfw,THEP Thai Restaurant,40.77078,-73.95727,1130.0,4.5,Thai
311,JEuIdK9hzci9g_TuwfnZ_w,Society Cafe,40.73624,-73.99658000000001,630.0,4.0,American (New)
312,FEbSTdr3pWGW9vSVFyaprA,There,40.7207616170605,-73.9886049181223,1700.0,5.0,Asian Fusion
313,PFtRQf8uL8ynIDg_1gWr0g,Nhà Minh,40.720978493183104,-73.93841584600041,800.0,4.5,Vietnamese
314,MDMw0HFK3rgeGRl-FZC9Fg,Banh Mi Saigon,40.719359999999995,-73.99667,800.0,4.0,Vietnamese
315,oBcqZs0CAZjsLuMB-mNJ6A,Sticky's Finger Joint,40.74505,-73.97885,1130.0,4.0,Fast Food
316,bJgl6cDIBIMlgrntQbxt1g,Café Zaiya,40.7523,-73.98043,800.0,4.0,Japanese
317,JhJLPp6KuBcD3CHCkEKJ_A,Cocoron,40.72031,-73.99305,1200.0,4.0,Japanese
318,0kH1mGuqIb5rOrvCKGsWtA,Stuffed Ice Cream,40.72805,-73.98538,1300.0,4.5,Ice Cream & Frozen Yogurt
319,Y7cKrhINvxMtYGh5I_V60g,Press 195,40.763961,-73.770781,1130.0,4.0,American (Traditional)
320,zHqDuMznom7CLp2lqV8q0g,Forrest Point,40.70319,-73.93229000000001,1100.0,4.0,Bars
321,LcyrHytfSy0r048ew9-UXQ,Arrogant Swine,40.7100372,-73.9334946,1200.0,3.5,Barbeque
322,yFkFipB0xe7PA-M4UO3Z5A,Arepa Factory,40.72748,-73.98268,1100.0,4.0,Venezuelan
323,YVqpoDk4fC3noi3_lcBP3A,Mi-ne Sushi,40.73624,-73.997261,1200.0,4.0,Japanese
324,wMoIGPBqCiPnzcI_JjyDcA,Brooklyn Ice Cream Factory,40.703195064884,-73.994595678762,1200.0,3.5,Ice Cream & Frozen Yogurt
325,XDl93co2VJznxglYcoQvmA,Chilo's,40.68837,-73.95684,1600.0,4.0,Bars
326,FeSynfcDT4qB2kDixHUQCA,Danji,40.764,-73.98686,1200.0,4.0,Korean
327,mW7z52CSr8IVgdvSzXv6qQ,HANKI Everyday Korean,40.6702019428734,-73.978986851871,1130.0,4.0,Korean
328,enT7NJ7tLMvUMCWQcsUonw,Mémé Mediterranean,40.736412,-74.00616,1130.0,4.0,Mediterranean
329,MBpcYNiqrmr8qcFSeJK5mQ,Mad For Chicken,40.7635739,-73.8079404,1200.0,4.0,Korean
330,ROinSW0fMmphATjgkTXfeQ,Chouchou,40.72379,-73.9835,1730.0,4.0,Moroccan
331,JXsHJfBAKZT0fG8XkA9Kzw,Sweet Science,40.7063841819763,-73.9431119710207,1200.0,3.5,Bars
332,ULDVJYTT-47RqbLtlR_FUA,Ootoya Greenwich Village,40.73316,-73.99273000000001,1130.0,4.0,Japanese
333,bMl1e0fjkMbbNoS2ApsibQ,Ok Lah,40.7604295,-73.82996800000001,1100.0,4.5,American (New)
334,OYKNRBU-unLF-r0bRZwY3A,Peaches,40.6818070319111,-73.9346463688382,1100.0,3.5,Southern
335,J3ZLnLE-DZzrJu2ryEmrEw,Kings County Distillery,40.699747089106104,-73.98066995681991,1000.0,4.5,Distilleries
336,28CNHYULci66pJAz-0_pOg,Cote,40.7412996949476,-73.9912893251312,1700.0,4.0,Korean
337,-hUvO0C0A-pGZdiSKvjoFw,Babbo,40.732283,-73.999284,1700.0,4.0,Italian
338,ZybTcEwBUeQqiiyyBpoiPQ,White Bear,40.758783,-73.83163,900.0,4.0,Chinese
339,l9b8NbDyhKhnjLKtUwlPwQ,Olea,40.6877844,-73.9706046,1000.0,4.0,Breakfast & Brunch
340,A5Sk_mPu16cabIKH84vkFQ,Toofyduck 颓废鸭,40.63629,-74.00909,1100.0,4.0,Specialty Food
341,mYQMjrtHp8vsEKKNsRz1XA,Union Pizza Works,40.707306700000004,-73.922154,1200.0,4.0,Italian
342,D8z7FS2SB48zTjvch4bc0g,Johnny's Reef Restaurant,40.8377099599469,-73.78267052513121,1100.0,4.0,Seafood
343,C3spvfEd8JQJie-yixRgpQ,Com Tam Ninh Kieu,40.867020000000004,-73.8982,900.0,4.0,Vietnamese
344,JBthOvTegHbrLDiVaCAy5Q,Bigoi Venezia,40.770036,-73.9577755,1100.0,4.5,Italian
345,_WWJcqUTGFCCVp0cymu0wQ,Footprints Cafe,40.64461,-73.92119,1200.0,3.0,Caribbean
346,Sk-mHDPvuvlCjT1BGKoH4w,Otto's Tacos,40.73454,-74.00206,1100.0,4.0,Mexican
347,Z8pm4rLTBki7OLgtbcTXEg,Corner Social,40.80856370000001,-73.9450228,1100.0,3.0,American (New)
348,RpUbzzI0XoTWtl9fdDGCDQ,Bamboo Bites,40.694864100000004,-74.001551,1100.0,4.5,Food Stands
349,DJSLGbSqCJ1W8ma3LFlMuw,Patzeria Perfect Pizza,40.7594653910395,-73.9867857052142,700.0,4.0,Pizza
350,PbezejIP9RHrjw-k459iZA,Porteno Restaurant,40.750499,-74.002525,1200.0,4.0,Argentine
351,HC18oDJ2svQoXIddP-wuyw,Wasan Brooklyn,40.6812605,-73.97684179999999,1130.0,4.0,Japanese
352,7Er3ykMx3xUzw_kAyoyz4w,Poquito Picante,40.685742057296096,-73.98126199516999,1600.0,4.0,Mexican
353,4aF0F8w7yXX9o5_QFky_ig,Celestine,40.704640000000005,-73.98783,1130.0,4.0,Mediterranean
354,WyFvM4kmgNm19jip0tDBqA,LunÀtico,40.6834345006833,-73.9346118563989,1000.0,4.5,Cocktail Bars
355,ADHX7nBixDPVlq3OXhny0g,Faicco's Italian Specialties,40.73113,-74.00305999999999,900.0,4.5,Meat Shops
356,TBp9gdS6xEbSQqffVZ7iag,KazuNori  | The Original Hand Roll Bar,40.74519,-73.98824,1130.0,4.5,Sushi Bars
357,RLJ5BUm89VySJWHHvmSzEQ,Fish,40.731734,-74.003463,1200.0,4.0,Seafood
358,IfIyjm4SfORGYPbaAWST3g,Mexicue,40.743472892719396,-73.9880464381069,1100.0,4.0,Mexican
359,X8Hl9OezX-Yr9Jir3fsF7g,Posto,40.73483,-73.98281999999999,1130.0,4.0,Pizza
360,3tJrsxawK_-njO-yJh6CIQ,Big Gay Ice Cream Shop,40.706540000000004,-74.00325,,5.0,Ice Cream & Frozen Yogurt
361,D7w3Nk3H0oDYZSIAaRgYRA,Sexy Taco/Dirty Cash,40.803604,-73.949035,1130.0,3.0,Cocktail Bars
362,WbTOi7MUctB_eilgZ4V7RA,Shake Shack,40.751129999999996,-73.9879,1030.0,4.0,American (Traditional)
363,UXVDyIzmO5kmJnlv-HDXLg,Cafeteria,40.740567590122,-73.9980747946,0.0,3.5,American (New)
364,nnSyjwIkhbJIBMiBtch_BQ,Kimoto Rooftop,40.69169,-73.98465,1300.0,3.5,Japanese
365,YKfj-CUjgb9xQ1kN_bhNLg,Forgtmenot,40.714498871349,-73.9915559401866,1200.0,4.0,Bars
366,U5hCNNyJmb7f3dmC1HTzSQ,Junior's Restaurant & Bakery - 45th St.,40.7582662685627,-73.98665334161191,630.0,4.0,Bakeries
367,rPTX2J5KGDkN1QhPD-QOvg,Xifu Food,40.6880326,-73.9819963,830.0,4.5,Chinese
368,z28cRtpdfiJfzIp1vkMAwQ,Koko Wings,40.8008499,-73.96741999999999,1200.0,3.5,Korean
369,ZpifrJsBsz7RUT1_Tyu9nQ,Hot Space,40.640679999999996,-74.00476,1400.0,4.5,Szechuan
370,mOCivvZr0Ht9gONMXtKd3A,Japan Premium Beef,40.7264282,-73.9922083,1100.0,5.0,Meat Shops
371,urSuhjbH6DK2nvP08IESwA,The Cinnamon Snail,40.749584197998,-73.9916763305664,1100.0,4.5,Food Trucks
372,2YkqGzOldh-gcSSFkvP44Q,MIGHTY Bowl,40.729859999999995,-74.00049,1100.0,4.0,Asian Fusion
373,6gDUVNZo0E9lxO2DkAhHOQ,The Greek,40.7237145,-74.0096166,1130.0,4.5,Greek
374,0fjab0vzFgIQ-FKzjFR7JQ,Dannee,40.69048,-73.96006,1200.0,4.0,Thai
375,6XO6daKKWviwqQJg1nv32A,Char House,40.71524,-73.999,1700.0,4.0,Steakhouses
376,XskangHFq3JD9klJFuGH8w,Doughnut Plant,40.7444886,-73.9969095,700.0,4.0,Donuts
377,OYmNzOzsAozGaA-L2rMvmQ,The Bronx Brewery,40.8019015,-73.910599,1500.0,4.0,Breweries
378,8XHbZIKDQbXhyKIGiukVeQ,Boucherie - Park,40.73715,-73.98789000000001,1100.0,4.5,Steakhouses
379,i-s1bcKdqQdm6JiVN0JRMA,Yokoya,40.72254,-73.98917,1200.0,4.5,Ramen
380,7tJq-a_K-yKOWSqyXVOlFg,Suzy's Roti Parlour,40.64666,-73.97048000000001,1130.0,4.5,Trinidadian
381,7B2XMvV5uGuKyl19-HTSvg,Fogo de Chão Brazilian Steakhouse,40.761084999999994,-73.97806700000001,1130.0,4.0,Brazilian
382,o1lSerEqXv74L7n3OghwVQ,The Hop Shop Brooklyn,40.6875,-74.00135,1700.0,4.5,Cocktail Bars
383,vmU2oLglodmiFK0iQGzDFw,Sally Roots,40.702756,-73.916372,1200.0,4.0,Caribbean
384,TS2mqGtNhOzMKcSqJvrBPg,Ringolevio,40.71907,-73.94337,1800.0,4.5,Mediterranean
385,GcBZDgOKOP-RkH_mI-DS9A,The Halal Guys,40.732306075120896,-73.98439063610691,1000.0,3.5,Middle Eastern
386,0gTHz_iR8yHuhtIt-0-20g,Zum Schneider,40.72421,-73.978862,1700.0,4.0,Pubs
387,BBPiBgyMmLX5RzaKCB0AeQ,Llama Inn,40.71672,-73.95051,1730.0,4.0,Peruvian
388,O0xFECgTDf1rbZzW9qUULQ,Peter Pan Donut & Pastry Shop,40.726085999999995,-73.952308,430.0,4.5,Bakeries
389,4GBqDgTYsV7owGzNMyAFKA,Sullivan Street Bakery,40.763659999999994,-73.994716,700.0,4.0,Bakeries
390,2Uj2PGpDA1nGQOLtk_Occg,Savino's Quality Pasta,40.7152557373047,-73.9467010498047,930.0,4.5,Pasta Shops
391,O-zwQQV8AExgdPoJiqjpDg,Ba Xuyen,40.64528,-73.9997099,700.0,4.5,Vietnamese
392,N7pDKAFOR1F_oCVH_Fc7Wg,Ahimsa,40.72878,-73.99924,1200.0,4.0,Indian
393,zEIt0xaPM9DIS-pc118O6A,Hometown Hotpot & BBQ,40.71931,-73.99688990000001,1200.0,4.0,Hot Pot
394,raqwXUBlnc0e8c7CYmxEJQ,Scarpetta,40.744509,-73.9856,1130.0,4.0,Italian
395,ZOpnIsm7ihoO1gq2YmGdzw,Zurutto Ramen & Gyoza Bar,40.77791,-73.98040999999999,1200.0,4.0,Ramen
396,NlmP5x_Ykznd55Dc85ChUg,Nittis,40.7567,-73.99410999999999,1100.0,5.0,Italian
397,5EaTaKHxXtD5bTCVnbi2Xw,Za-Ya Ramen,40.674169899999995,-73.99968,1700.0,4.0,Ramen
398,q11TljTQd33XCWlVoPyRqg,The Osprey,40.70224,-73.99554,700.0,3.5,American (New)
399,GBk_i2qnjMtQIt_ntJpzbw,Ramen Andante,40.7148695,-73.9625803,1200.0,4.5,Ramen
400,q11TljTQd33XCWlVoPyRqg,The Osprey,40.70224,-73.99554,700.0,3.5,American (New)
401,GBk_i2qnjMtQIt_ntJpzbw,Ramen Andante,40.7148695,-73.9625803,1200.0,4.5,Ramen
402,REDWyPG0UJc5u8iU8mP6Hw,Rocco Steakhouse,40.7438607,-73.9861214,1200.0,4.5,American (Traditional)
403,vkQSMwAf5yqDw9HfEQYgzw,The Flower Shop,40.718070000000004,-73.99213,1700.0,4.0,American (New)
404,Oq1mej1BYfjcdPKkM_5o8g,High Street On Hudson,40.73888,-74.00574,900.0,4.0,American (New)
405,0SqFgkdmfNWj9iUQgfghEA,Veronica's Kitchen,40.7056045963693,-74.0064248767212,1000.0,4.0,Soul Food
406,I1X2vkOkdjwTL2MiKjvovQ,The Hideout Chai Bar,40.72097,-73.99101999999999,1000.0,5.0,Tea Rooms
407,TDyu1-6XF7r1jc13j7nDNA,TØRST,40.723394899999995,-73.950856,1200.0,4.5,Beer Bar
408,u_3TLN0u6LyOL01vdjFOug,Champs Diner,40.7084397372605,-73.9407808520115,900.0,4.0,Vegan
409,E_XstVPsYMbU4sNTIttarQ,Gallito's Kitchen,40.6944006,-73.99374470000001,1200.0,4.0,Mexican
410,SO9Y_SN8voOB3uU4ausRog,Korilla BBQ,40.7647655944894,-73.98226471104509,,4.0,Food Trucks
411,glpQwpZpOrNpoWSIrPpgng,Shorty's,40.681309999999996,-73.97513000000001,1100.0,4.0,Cheesesteaks
412,3NbhYebjZPjLTWZZyRuhsw,The Winslow,40.7327766418457,-73.98521423339841,1200.0,4.5,Pubs
413,FpKdZAQ6ecHZW3_HdeGVdA,Lobster House All You Can Eat Seafood,40.730912,-73.863713,1400.0,4.0,Buffets
414,OMRkRHFXmS9txTWirA-yMA,Taheni Mediterranean Grill,40.67742,-73.98343,1100.0,4.5,Falafel
415,XxLGYdB0s8IkZ9QZtGKBZA,burger joint,40.7642604687359,-73.978533363932,1100.0,3.5,American (Traditional)
416,q1uIqB8PvyCCX8TajaRYBg,The Little Owl,40.732380829140205,-74.0053009986877,1145.0,4.0,Desserts
417,-StMpbfO2qK0sZ2vAkMtnQ,Grand Central Market,40.7522588627437,-73.9758177933646,700.0,4.0,Specialty Food
418,bVkavwJ8OgU4yPiUMoEOPg,Jia NYC,40.71543,-73.98998,1600.0,4.5,Comfort Food
419,rZ9OFoSqy8u4WECfh--ylg,Marta,40.7445882,-73.9847936,1200.0,4.0,Pizza
420,oFDKXoHhSBQgDGjADLfQEg,The Brooklyn Brewery,40.721636270191,-73.9576329544152,1700.0,4.0,Breweries
421,b8J-hvOyE9D7fc0sFJ8HUA,Surfish Bistro,40.668700799999996,-73.9936051,1200.0,4.0,Latin American
422,FXgSgiLg6xgOO8zrG51mzg,Claro,40.6773587963142,-73.98619844894459,1730.0,4.0,Mexican
423,77EedCTJY1biWIYSzAulCQ,J.G. Melon,40.77105,-73.95931,1130.0,3.5,American (Traditional)
424,vmUNPvduTeWu24d--TbHAg,Ops,40.70276,-73.9171,1700.0,4.5,Pizza
425,FbrULzNaLncEFfMzHUALmQ,Lil' Gem,40.72045,-73.98448,1730.0,4.0,Lebanese
426,GticI2JB8Iw2ktRfLv6aRQ,Momofuku Ko,40.724776,-73.991682,1700.0,4.5,American (New)
427,kcywDOgRlBPLW3eTMUgxEw,Grand Canyon Restaurant,40.69473,-73.99361,600.0,5.0,American (Traditional)
428,nOCjslrdcKBQQYgD5qUs9Q,Kam Hing Coffee Shop,40.7182480993847,-73.9990044118685,600.0,4.5,Bakeries
429,kB3QyyhHFVyhGgp35Rnuew,The Kati Roll Company,40.729634000000004,-74.000964,1130.0,4.0,Indian
430,vpWPgusmUD0cYNKf0uEQIw,Cemitas El Tigre,40.739191299999995,-73.9198491,1130.0,4.5,Mexican
431,pWywDImlX0n_XKPNg0Bizg,Sunny and Annie's,40.7245959526307,-73.98158490657809,600.0,4.5,Sandwiches
432,A_YpTLbAlEqeLVSs9bxbEA,Club A Steakhouse,40.760059999999996,-73.96557,1700.0,4.5,Steakhouses
433,dMhRafXdr765DHe0k-QfaQ,ABC Kitchen,40.738085,-73.98947199999999,1200.0,4.0,American (New)
434,6hKJePanmG9AxK4dfwgyyg,The Horny Ram,40.75528,-73.96857,1100.0,4.0,American (New)
435,nVIAmfM55P6zoKzaUKdGgw,Jacques Torres Chocolate,40.7032,-73.99145,900.0,4.0,Chocolatiers & Shops
436,liis8xKFHuGGfTSeboeaXA,Black Iron Burger,40.724059999999994,-73.98275,1700.0,4.0,Burgers
437,MyQV4i518ZO4CLudtR8gLA,The Bar Room,40.763409,-73.96844899999999,1100.0,4.0,American (New)
438,f9xQH4lNAlU9yUYtFPm7sg,mochii,40.72634,-73.98447,1400.0,4.0,Desserts
439,hdiTkEnD14VpXNl-APTg2g,Nana Ramen,40.6815479,-73.92899129999999,1100.0,4.0,Ramen
440,HxC2ZN010NxAFwjTqUVpzw,Rice To Riches,40.721845,-73.995802,1100.0,4.0,Desserts
441,2M0SCJrnPCltKTYd8b46jg,Bar Virage,40.7279584,-73.98773979999999,1200.0,4.0,Mediterranean
442,yl5BoFbgHfrY62cLXwnCxQ,Pizza Moto,40.6746224,-74.0007999,1730.0,4.5,Pizza
443,VoAuIReq_cPUrFwxbWqG_Q,SalaThai Restaurant,40.780119899999995,-73.98031999999999,1130.0,5.0,Thai
444,S4uozcDEieoaXxIJ6TsUoQ,Dellarocco's Brick Oven Pizza,40.6950309,-73.9961252,1200.0,4.0,Pizza
445,HUY6yj38FXqAQvWUdgL0xA,Pizzeria Sirenetta,40.78881,-73.97459,1700.0,4.0,Pizza
446,iw5iI-jFXnDZaeiGt4Weaw,Twisted Mexican Grill,40.772422,-73.92643790000001,1100.0,4.5,Mexican
447,QObHX0yR6zd0WfksRDbJTA,Becco,40.76083,-73.98980999999999,1200.0,3.5,Italian
448,m86CNmYThtzzWB3nPnrhbg,Emily - West Village,40.729330068469,-74.00384000735791,1130.0,4.0,Pizza
449,C2o3Iw-DXjoUJFgQIbiqkQ,BoCaphe,40.7220786,-73.9975506,930.0,4.0,Vietnamese
450,S4uozcDEieoaXxIJ6TsUoQ,Dellarocco's Brick Oven Pizza,40.6950309,-73.9961252,1200.0,4.0,Pizza
451,wwgLgUlsM4qlSG3aA7o6Ig,B.GOOD,40.694833,-73.9936578,1100.0,4.0,Salad
452,iw5iI-jFXnDZaeiGt4Weaw,Twisted Mexican Grill,40.772422,-73.92643790000001,1100.0,4.5,Mexican
453,QObHX0yR6zd0WfksRDbJTA,Becco,40.76083,-73.98980999999999,1200.0,3.5,Italian
454,m86CNmYThtzzWB3nPnrhbg,Emily - West Village,40.729330068469,-74.00384000735791,1130.0,4.0,Pizza
455,C2o3Iw-DXjoUJFgQIbiqkQ,BoCaphe,40.7220786,-73.9975506,930.0,4.0,Vietnamese
456,TthttjDCINv6jOV28bEphg,Chip NYC,40.7655337630129,-73.91925185152779,1100.0,4.5,Bakeries
457,gWE6WkBoC46dIRSMygHoPg,Cachapas Brooklyn,40.67333,-73.88705999999999,1100.0,4.5,Venezuelan
458,LkyWtRFzwjv2nyq_81qqDA,Morgenstern's Finest Ice Cream,40.727261,-73.9998311945616,1200.0,4.5,Ice Cream & Frozen Yogurt
459,Fl2z1edJw3MONc9rERWRMg,B2 Harlem,40.806129999999996,-73.95317,1700.0,4.0,Seafood
460,NKI1VvfXYluRjnq4S6yEuw,Divya's Kitchen,40.72378,-73.98849,1130.0,4.5,Vegan
461,tJHmKLn1lWpaPuZTZrDgsA,Havana NY,40.75189,-73.98517,1130.0,4.0,Cuban
462,vQcK7BH6maW9dAZWJOuW3Q,The Mermaid Inn,40.7887398925594,-73.9744491607132,1700.0,4.0,Seafood
463,cqdg3bP870-y2cHzckLcFw,SpaHa Soul,40.7980669749736,-73.9368363595106,1100.0,4.5,Soul Food
464,CBf1A4zCRNH-jsrJh48RsA,Sahadi's,40.690218,-73.993367,900.0,4.5,International Grocery
465,lKgTNYp-oFL_hTddicAjzw,CAVA,40.721964,-73.996499,1045.0,4.5,Mediterranean
466,gvMYV5E3HyzhN_MYFIMGzg,El Born,40.7243479163883,-73.9512226101037,1200.0,4.5,Spanish
467,HjUwZOlok1TabhS4S1ya2w,Just for Fen,40.7311641211205,-73.9830346405506,1130.0,4.5,Noodles
468,wUet3lZU0mZ4-hVb9QKgjg,Amanda's Kitchen,40.7020645920467,-73.9236524973644,800.0,5.0,Spanish
469,GpCZORguVJZGpd5GoL9Arg,House of Small Wonder,40.7188839655893,-73.9606090848567,900.0,4.0,Sandwiches
470,g9IFea9brBr8j8awcdOBOw,Chopped Parsley,40.82593,-73.94742,1600.0,4.5,Japanese
471,SaYTVG7wHCMDBofHCgXPaA,Dutch Freds,40.760709999999996,-73.98793,1600.0,4.5,Cocktail Bars
472,kEC66zgpguVsizQeCAJoCg,BlackTail,40.7044769199104,-74.0174372308775,1700.0,4.5,Cuban
473,PeyNYQR-wn7a_mye_0SCUw,Make Sandwich,40.733379274606705,-73.9898192882538,1100.0,4.5,Sandwiches
474,Rj2ACaJcbroJLPDhRhzvBw,Shuka,40.72707,-74.00283,1200.0,4.0,Mediterranean
475,AFt1Qcec4_JNr6PWpkRYyw,Sushi Lin,40.677786,-73.97259100000001,1700.0,5.0,Sushi Bars
476,5mOzZ17qU_8ijlP54Q206Q,Safari Restaurant NYC,40.80381,-73.9535,1700.0,4.5,African
477,_sipbeIM-EtR4cIzleEUhg,Cafe Rue Dix,40.674023290787794,-73.9538387930572,900.0,4.0,French
478,ct58a_D8Z8DoJt7luB50wQ,Ramen Ishida,40.719590000000004,-73.98834000000001,1200.0,4.5,Ramen
479,c3D2ckzacnPtdGIM8tb-_w,B Side Pizza & Wine Bar,40.763940000000005,-73.98833990000001,1200.0,4.5,Pizza
480,x64xHVZoQj1ZOjzPqVprkw,Little Tong Noodle Shop,40.72937,-73.98424,1130.0,4.0,Noodles
481,Ulr_Nyp2nvt82EPH_BiftA,Olmsted,40.67713,-73.96869000000001,1730.0,4.0,American (New)
482,aSprnLY-6GkMk1cuv0TMeA,Al Di La Trattoria,40.675332643246996,-73.98134047503801,1200.0,4.0,Italian
483,HUlbrPvAr6sXuBfp5z1MWA,Urban Backyard,40.72077,-73.99646,700.0,5.0,Coffee & Tea
484,CV34WV9aNsERlQACAJSAOg,Runner & Stone,40.677209999999995,-73.985919,730.0,4.0,Bakeries
485,6lUAvciN0rwYUvhssqw57g,La Churreria,40.724419,-73.994899,1000.0,4.0,Sandwiches
486,-T_5QJwgPMxfXTeOmpImsA,Char Sue,40.7196000924977,-73.9879152551293,1730.0,4.5,Asian Fusion
487,XKy4Cy4uNgO7rxhH4yFJQQ,Mughlai Indian Cuisine,40.739692,-73.982116,1100.0,4.0,Indian
488,dtk1Cstz5MHr-B1AOM_nXA,Gyu-Kaku Japanese BBQ,40.75537,-73.97054,1130.0,4.0,Japanese
489,z4MumU_OUun7YHOJdZEqQg,Malaysia Beef Jerky,40.718521,-73.996078,,4.5,Meat Shops
490,HcWm-9ZZu2_brnuRxN5Gpg,Tutt Cafe,40.700188,-73.99322,1100.0,4.0,Middle Eastern
491,8RdzB-X0ogBI0Cx5-YmGqA,Sugarcane,40.680279999999996,-73.97508,1730.0,3.5,Caribbean
492,lKxmH-hQ6ezKbq4URKrd-Q,May Wah Fast Food,40.71825,-73.99842,900.0,4.0,Chinese
493,6S7txLUH7Yc9AedCZ1Copw,Gather,40.6664708,-73.98178320000001,700.0,4.0,Specialty Food
494,PQAIs-ZPN7QrBvJ-F9pE8w,Awesome Deli,40.7102999,-73.96629,700.0,5.0,Delis
495,pgGT9m03pNI15Ag2pAdY1Q,Kurry Qulture,40.7649112016844,-73.917061437621,1700.0,4.5,Indian
496,UOhnGQBzf2ISTHM4Bj5Gvw,The Wing Bar,40.682519899999996,-73.99318000000001,1200.0,3.5,Chicken Wings
497,h0PVO3fYw37f7VUH4UA3jQ,XYST,40.73865,-73.99450999999999,1100.0,4.5,Vegan
498,nEkVibaTuIFEcTNtltFgJg,Kura,40.726686799999996,-73.98357940000001,1730.0,4.5,Japanese
499,OOZgZGmiKocoYRgUOupEcA,karakatta,40.72933,-73.99865,1145.0,4.0,Ramen
