"results__formatted_address","results__geometry__location__lat","results__geometry__location__lng","results__geometry__viewport__|","results__geometry__viewport__|__lat","results__geometry__viewport__|__lng","results__icon","results__id","results__name","results__opening_hours__open_now","results__photos__height","results__photos__html_attributions__-","results__photos__photo_reference","results__photos__width","results__place_id","results__plus_code__compound_code","results__plus_code__global_code","results__price_level","results__rating","results__reference","results__types__001","results__types__002","results__types__003","results__types__004","results__types__005","results__types__006","results__types__007","results__types__008","results__types__009","status"
"10 Columbus Cir, New York, NY 10019, USA","40.7686013","-73.98321159999999","northeast","40.76962147989272","-73.98135372010728","https://maps.gstatic.com/mapfiles/place_api/icons/shopping-71.png","63543c9ef29f2a3e695988e01f33632131fcab88","The Shops at Columbus Circle","False","3024","<a href=""https://maps.google.com/maps/contrib/115985237879874827184/photos"">二村紀子</a>","CmRaAAAAY4sYXzvlizm4bNSCja5A31tK-xfyNo3_ilHKGJcwnJqwyzjNmBPj_ZK1BSAn83Ib5BuV7dFA8wh--r2Fx685NB-A6yS2ZAQB3HShicwLnkoL9ux52FnUupPtCkXM96M3EhAWbArJbrnxW2T-LSfLRiTUGhTB7gui_IL3UlJGCT-a_8TtAgrSpw","4032","ChIJp3PsL_ZYwokRdBcE-3KTjrg","Q298+CP New York","87G8Q298+CP","","4.3","ChIJp3PsL_ZYwokRdBcE-3KTjrg","shopping_mall","point_of_interest","establishment","","","","","","","OK"
"","","","southwest","40.76692182010727","-73.98405337989273","","","","","","","","","","","","","","","","","","","","","","","",""
"315 W 39th St, New York, NY 10018, USA","40.7559712","-73.99204519999999","northeast","40.75721487989272","-73.99077292010728","https://maps.gstatic.com/mapfiles/place_api/icons/shopping-71.png","f5f347f8a0a8ef4102ade971db12aa7761e76ec8","Shopping Girlfriend NYC","","","","","","ChIJUdrSNb5ZwokRsoOdOHCNBQk","Q245+95 New York","87G8Q245+95","","5","ChIJUdrSNb5ZwokRsoOdOHCNBQk","clothing_store","store","point_of_interest","establishment","","","","","",""
"","","","southwest","40.75451522010728","-73.99347257989271","","","","","","","","","","","","","","","","","","","","","","","",""
"100 West 33rd Street, New York, NY 10001, USA","40.7492663","-73.9893112","northeast","40.75043872989272","-73.98773887010728","https://maps.gstatic.com/mapfiles/place_api/icons/shopping-71.png","c9135f5a551204ca6a67d4aed2d39586a1763c32","Manhattan Mall","True","1440","<a href=""https://maps.google.com/maps/contrib/108935183574730736100/photos"">James Eng</a>","CmRaAAAA_HV8vSikO0UuBkib71ziKPDG0EYQC-PjHeX3KuiZtjZ5PF8GWeeOuU0gJjUvcJ9vnR-A2aOtzNIqd-LjP62W83F3NAgt45JNZqp6ijGuvnFQ32tdj84jxUmsMAyXXIKTEhDQLjZdpmMHbQzDS5xWrqVVGhR9smrcHnOuXuHM1n4VgW2ix_vpZg","2560","ChIJ6-70LKlZwokRzdXlGpoA_so","P2X6+P7 New York","87G8P2X6+P7","","3.9","ChIJ6-70LKlZwokRzdXlGpoA_so","shopping_mall","point_of_interest","establishment","","","","","","",""
"","","","southwest","40.74773907010727","-73.99043852989271","","","","","","","","","","","","","","","","","","","","","","","",""
"185 Greenwich St, New York, NY 10007, USA","40.7114771","-74.011478","northeast","40.71282692989272","-74.01012817010727","https://maps.gstatic.com/mapfiles/place_api/icons/shopping-71.png","5fd9855f3162a0eddc350ba4d81e12b1ba725725","Westfield World Trade Center","False","3024","<a href=""https://maps.google.com/maps/contrib/107478201743067153301/photos"">nirmal shrestha</a>","CmRaAAAA72RWqM90Mwj0WsnOYHu4L_4bFCpNQ6884eJagEUxzg_mOw8q77lUh2cABJXwaMK32T3Qr1cCE7fChucLpiJ6huS2DZPM-1zlN9wYArVH50vmb7kEe8i_PT5Havuun_yQEhBkWGSaZgzMF3SnCPkczZRSGhQ2O7W_aUWo8iMvfEg08I4RNBETrA","4032","ChIJ4fd_MRpawokRHr3yLkECrOE","PX6Q+HC New York","87G7PX6Q+HC","","4.6","ChIJ4fd_MRpawokRHr3yLkECrOE","shopping_mall","shoe_store","department_store","clothing_store","store","restaurant","point_of_interest","food","establishment",""
"","","","southwest","40.71012727010728","-74.01282782989271","","","","","","","","","","","","","","","","","","","","","","","",""
"2655 Richmond Ave, Staten Island, NY 10314, USA","40.5816575","-74.16607999999999","northeast","40.58272352989272","-74.16444072010728","https://maps.gstatic.com/mapfiles/place_api/icons/shopping-71.png","06d74dad88397aefb8cd5d75ddd9c6c161152a60","Staten Island Mall","False","2988","<a href=""https://maps.google.com/maps/contrib/103914689739180445633/photos"">Hasan Ozmulla</a>","CmRaAAAAvgmIB_lAMyx87mbUYx2ErpvDtbRlrpnFFk-g-iUpE4GGmfQj-OAlUFjjCJJTv12IT2T5xSCPuDTmIHGlbz7_aW_wTB2YLASA2eoh0b80R3or5TXYqSFeUYov66OmlPu9EhCRXXQDu_qaNkKs12GhNmglGhTeLKKEELNERrcp2rMpaOujQn2Aqg","5312","ChIJMQW5NIdLwokR8jmOUJsxtso","HRJM+MH New York","87G7HRJM+MH","","4.2","ChIJMQW5NIdLwokR8jmOUJsxtso","shopping_mall","point_of_interest","establishment","","","","","","",""
"","","","southwest","40.58002387010728","-74.16714037989273","","","","","","","","","","","","","","","","","","","","","","","",""
"89 South St, New York, NY 10038, USA","40.7056185","-74.0027446","northeast","40.70722262989273","-74.00167857010727","https://maps.gstatic.com/mapfiles/place_api/icons/shopping-71.png","fd423448c5594d09b3e4282d6c02ef80eb243d44","South Street Seaport","False","1512","<a href=""https://maps.google.com/maps/contrib/103544582972834437340/photos"">Cathal Moore</a>","CmRaAAAATc6RijYk6WP9urd7sFWMXcDDfC4EQNZLBpzEsDhSc1kIDwIe3enKYKvOXNyWpaj9cCrv4wZGm_KXXmIYMNa6cHL-7rQS94LP1kvTmRUsv9Fxxm6xtBA3dl6I_THgHg2DEhD_pH035SgiuwMBsZm-5KWmGhSfoTbbdfHCADJ_xivU2FSHKFVajA","2688","ChIJ48y8-TxawokROJTPwB3cxz8","PX4W+6W New York","87G7PX4W+6W","2","4.3","ChIJ48y8-TxawokROJTPwB3cxz8","shopping_mall","point_of_interest","establishment","","","","","","",""
"","","","southwest","40.70452297010728","-74.00437822989272","","","","","","","","","","","","","","","","","","","","","","","",""
"90-15 Queens Blvd, Elmhurst, NY 11373, USA","40.734682","-73.8699788","northeast","40.73594182989272","-73.86832055000002","https://maps.gstatic.com/mapfiles/place_api/icons/shopping-71.png","fa4ed3537b03de812d6993a06d7802bcba1659ea","Queens Center","True","843","<a href=""https://maps.google.com/maps/contrib/101942558435621293018/photos"">Queens Center</a>","CmRaAAAAcOtd-HV3krnDPu6WvFe45Qe-p3HRSzK724L3Zrmbxuqa6PPRgAsLwiEj1642QyO0SXY5C-Vz1uLEvqg6L5LsqzKR-qywbW0b_uzmp-TMU0EA1F7Nydh5AbRU0qonD0IEEhDPI9wC5hB6iZc_rEIWM4UvGhQ3SblPP7fYmSYJPyuFy4uruhqOYQ","1500","ChIJA7Ciw0tewokRWJrqRqhFJBs","P4MJ+V2 New York","87G8P4MJ+V2","","4.4","ChIJA7Ciw0tewokRWJrqRqhFJBs","shopping_mall","clothing_store","store","restaurant","point_of_interest","food","establishment","","",""
"","","","southwest","40.73324217010728","-73.87191514999999","","","","","","","","","","","","","","","","","","","","","","","",""
"651 Kapkowski Rd, Elizabeth, NJ 07201, USA","40.659951","-74.17107059999999","northeast","40.66175047989272","-74.16940322010728","https://maps.gstatic.com/mapfiles/place_api/icons/shopping-71.png","c7e42a7b648220b40a72556cf8c79d83cecb0835","The Mills at Jersey Gardens","False","800","<a href=""https://maps.google.com/maps/contrib/112592093516336778350/photos"">The Mills at Jersey Gardens</a>","CmRaAAAARlBOSHT2iRkY3lbJcdD_jba71nNqKoc-zVG8p-whb-GLb1qmEc_K1siAAsy-kLxZskQ6Map4t2CtVDptk9O8TXRkP-3hYJYfXbnAOGph-LKWraZ57bA6uUUooJy2ryxZEhCNmciA2u3PZfH_fEbXa4fqGhTl8yCpTL9PeLYi0VMXlfCSrO7zxg","1200","ChIJixQeNIBNwokRItXUV8ujLjQ","MR5H+XH Elizabeth, New Jersey","87G7MR5H+XH","","4.4","ChIJixQeNIBNwokRItXUV8ujLjQ","shopping_mall","point_of_interest","establishment","","","","","","",""
"","","","southwest","40.65905082010728","-74.17210287989272","","","","","","","","","","","","","","","","","","","","","","","",""
"1125 Madison Ave, New York, NY 10028, USA","40.779633","-73.95926399999999","northeast","40.78105582989272","-73.95809227010727","https://maps.gstatic.com/mapfiles/place_api/icons/shopping-71.png","c383297ccdd1501f6c69685378165e16d1a0379c","Michael's, The Consignment Shop for Women","False","1365","<a href=""https://maps.google.com/maps/contrib/103135793183316748561/photos"">Michael's, The Consignment Shop for Women</a>","CmRaAAAAr-hEGHJRsQsr27X6eHfMLVA_Na52JgS7ZTjNS9yojtAT6U5ZER8Ht2-uM_6jFaljGJcw7pYOD1eRRiwzXueiOStVm1BF9uPasLP2qD-zwihgq_eFaHrBAk2Y_jiHwDgOEhDCKRQi06MRA8sMABtr4TTTGhTAuXQEwrIINZ28rknVOOqLUk51HQ","2048","ChIJCz0I15VYwokRWwJb-C1gnhA","","","3","4.8","ChIJCz0I15VYwokRWwJb-C1gnhA","clothing_store","store","point_of_interest","establishment","","","","","",""
"","","","southwest","40.77835617010728","-73.96079192989272","","","","","","","","","","","","","","","","","","","","","","","",""
"568 Broadway, New York, NY 10012, USA","40.724298","-73.997384","northeast","40.72570602989272","-73.99615337010728","https://maps.gstatic.com/mapfiles/place_api/icons/shopping-71.png","7f4b55a6eb3e0f60eae3581cfdcd08906b87e00b","Artists & Fleas SoHo","False","3234","<a href=""https://maps.google.com/maps/contrib/116655110939244965763/photos"">A Google User</a>","CmRaAAAAraAqQPvbBqUIcmgJ6p6jsKiaftA3b6dB67iX4rlu5T3LAvxybI4zq8xXxj_5TUH-U_7UkQUsfCHmY3LT1uqwNRYdbUvX6lEFfnou_0VOJDiEM0r2o3_vCgHVdNa1zFSKEhA9tbZ7H-dKNzRy9gDTw9OoGhTR35QKJlPqCmN4MnnjbzvOsz6tMQ","4851","ChIJh5ifHI9ZwokR_UFmNmGu77k","P2F3+P2 New York","87G8P2F3+P2","","4.2","ChIJh5ifHI9ZwokR_UFmNmGu77k","shopping_mall","point_of_interest","establishment","","","","","","",""
"","","","southwest","40.72300637010728","-73.99885302989271","","","","","","","","","","","","","","","","","","","","","","","",""
"155 Wooster St #3W, New York, NY 10012, USA","40.7263585","-73.999425","northeast","40.72768452989272","-73.99802612010728","https://maps.gstatic.com/mapfiles/place_api/icons/shopping-71.png","d8d76402f7eaeeb36b37adca671211b5d42af5b2","Gabriella New York Bridal Salon","False","4032","<a href=""https://maps.google.com/maps/contrib/100426015907004523416/photos"">Cristina Conciatori</a>","CmRaAAAA2xOz2tuwcK3RclGdt0D0jp0-Dn22G54ymj4Is2_sIkk1MA6Gwjd7ncjSU1VWq5qnC2qOzdPOBYOf69L8qQ1Qq7zwtGTiA-ksaTDZxm5UeScAn5dkBb2o0JKyRE1c9GdlEhC0hgmwC4C64IaRgSgCOdrrGhTVZBBOeuc7Mefw4o3K8gQnIo7yPA","3024","ChIJUa2ua45ZwokRuSqn852lHLw","P2G2+G6 New York","87G8P2G2+G6","","3.5","ChIJUa2ua45ZwokRuSqn852lHLw","clothing_store","store","point_of_interest","establishment","","","","","",""
"","","","southwest","40.72498487010728","-74.00072577989273","","","","","","","","","","","","","","","","","","","","","","","",""
"205 Mulberry St, New York, NY 10012, USA","40.721625","-73.99653099999999","northeast","40.72296162989272","-73.99512277010727","https://maps.gstatic.com/mapfiles/place_api/icons/shopping-71.png","61b230f677f6bf6db769b986af1562fc75db68a5","Creatures of Comfort","False","1000","<a href=""https://maps.google.com/maps/contrib/105278229082762004949/photos"">trinh huynh</a>","CmRaAAAAdwz0GGFzUzB9aTvbEmQU6a2y5ZmHpY8rF727otfkU3sg7xP-6jtUSxEEV5pXwV7pDrqmFHkxwE4C_SjVI78MF36tXk78RWyJ6moBumans8mDk82del3PzL222N-qtkVmEhAUZ-f5mdX-smQx1lRYJ5ZFGhRvgqUgl4AfciU-L1XAlnrCFbw7eg","1500","ChIJlysAx4hZwokRQ9n294wZZRw","P2C3+J9 New York","87G8P2C3+J9","","3.7","ChIJlysAx4hZwokRQ9n294wZZRw","clothing_store","store","point_of_interest","establishment","","","","","",""
"","","","southwest","40.72026197010728","-73.99782242989272","","","","","","","","","","","","","","","","","","","","","","","",""
"866 2nd Ave 2nd floor, New York, NY 10017, USA","40.752506","-73.969917","northeast","40.75390702989272","-73.96868882010727","https://maps.gstatic.com/mapfiles/place_api/icons/shopping-71.png","b3c7b4915357628dbb439e19b4244d45a4418485","Diplomatic Duty Free Shops of New York","False","533","<a href=""https://maps.google.com/maps/contrib/112951117553580124228/photos"">Diplomatic Duty Free Shops of New York</a>","CmRaAAAA0hMIh2XfATPkRUDAw3dTuJafkhukWIj-r8kthXsRDFmx-_kpkCREaAg7K7Xa8T1egjuOoYKLk83MG4zYIhM00YlLbUHaQ4Qx6yHhd-n319DQN4xoJiYwZjY1AAXmbOx0EhBu9jo2LtpzYXoE0KwH5tnOGhT3NsO6l7zXLHgjgk0TXjmReo3BBw","800","ChIJIfKmQx1ZwokRAiuTngo5f_A","Q23J+22 New York","87G8Q23J+22","","4.5","ChIJIfKmQx1ZwokRAiuTngo5f_A","jewelry_store","clothing_store","store","point_of_interest","food","establishment","","","",""
"","","","southwest","40.75120737010727","-73.97138847989272","","","","","","","","","","","","","","","","","","","","","","","",""
"2270 Broadway, New York, NY 10024, USA","40.785495","-73.97852","northeast","40.78686667989273","-73.97722192010728","https://maps.gstatic.com/mapfiles/place_api/icons/shopping-71.png","c7107d782b540f4dad274352594c17059d9b3298","Town Shop Lingerie- Bra Fittings","False","4032","<a href=""https://maps.google.com/maps/contrib/107068838566965446335/photos"">Moe Friedman</a>","CmRaAAAAWjCrNnw3EIRrUNrwF4oWhrgKn0rLtRNMlZa5XlXxysq2mk1D1BtTbz8sO0PFMPVBP0E4Eb0H3dgGusktGaG5r7w0alZ1cXhIoX-v8jhbI1BFoNV3yL2QSH5XxAOkwH5KEhCY5zPkPQ5tcppXQorYgvmgGhRUhE55lIulRes6ZoSPjCAfH1Dduw","3024","ChIJ84o3QYZYwokRU4WDDB3U3xs","Q2PC+5H New York","87G8Q2PC+5H","3","4.7","ChIJ84o3QYZYwokRU4WDDB3U3xs","clothing_store","store","point_of_interest","establishment","","","","","",""
"","","","southwest","40.78416702010728","-73.97992157989272","","","","","","","","","","","","","","","","","","","","","","","",""
"37 Crosby St, New York, NY 10013, USA","40.72094850000001","-73.99924179999999","northeast","40.72233082989272","-73.99795982010727","https://maps.gstatic.com/mapfiles/place_api/icons/shopping-71.png","711ce8949fb459a814e2518f469a18bb4155d775","Jean Shop","False","2992","<a href=""https://maps.google.com/maps/contrib/117043533782434930305/photos"">Ryan Scully</a>","CmRaAAAArcU9xGvVrpMZatd17XX25Gn-6ES5Aol4dS1AoHjj-KVuGVN82uvRzdCdlG3_3a1TCQG44YlYce3v_wgLbG9QhxDJSltt-nBjpmYX9LL2lJMTa_gJZ1Ze5vUYDC-B-5-uEhDBbctNY6vCoMOO_mZh8xFmGhTM1IMM8z4WqPcRs0YN7JzKgWejNQ","4000","ChIJEceghMBZwokR-SL1kz_fs_c","P2C2+98 New York","87G8P2C2+98","3","4.6","ChIJEceghMBZwokR-SL1kz_fs_c","clothing_store","store","point_of_interest","establishment","","","","","",""
"","","","southwest","40.71963117010728","-74.00065947989272","","","","","","","","","","","","","","","","","","","","","","","",""
"182 Duane St, New York, NY 10013, USA","40.717149","-74.010093","northeast","40.71857597989272","-74.00864912010728","https://maps.gstatic.com/mapfiles/place_api/icons/shopping-71.png","55d2109c95ca770fed0243ec287a26de74e63134","Lovely Bride New York","False","1200","<a href=""https://maps.google.com/maps/contrib/114606289209406157824/photos"">Lovely Bride New York</a>","CmRaAAAAlua01l8URHekrIlR13Z7sxqqnXl4ox1VKmERE2pjrji9rKkfxwC8iKtYRGiIDpHie47Az72UlwpomGC7vvhsySEKDAO9ZxUsd6TpBZCnS1UCYC0DP3vfnFTG1sEJUzkhEhDqEToOrongYkDgTS3C3nRuGhQMXJLjXItu8ojJuV62KMflCzKuSg","900","ChIJ55edVx5awokRQSZUxYUFZd8","PX8Q+VX New York","87G7PX8Q+VX","","4.3","ChIJ55edVx5awokRQSZUxYUFZd8","clothing_store","store","point_of_interest","establishment","","","","","",""
"","","","southwest","40.71587632010728","-74.01134877989271","","","","","","","","","","","","","","","","","","","","","","","",""
"13650 Roosevelt Ave, Flushing, NY 11354, USA","40.7597704","-73.82858759999999","northeast","40.76120257989272","-73.82727372010729","https://maps.gstatic.com/mapfiles/place_api/icons/shopping-71.png","4e5484364bf0e74425d497f798ba2b04aa5d2a01","Macy's eSpot Kiosk","False","256","<a href=""https://maps.google.com/maps/contrib/112715734974503519721/photos"">Macy's eSpot Kiosk</a>","CmRaAAAAE1vVNqbf5dbH0plm3NquE8eTa6fDnYQuHpPTzXfLcrC9vAbYgdYOZbFUcQ_WYlR-epuBzxvkdu7mj7FYWASO0HdVYLJAOO5kyS2bI3EgxKLHuZlIl_y-I5fxtWqbs0zDEhBRvHbTvSrpCbaf-lw3yACIGhT7lmkB_cJ-8wYx0YJN3S0VivfngQ","256","ChIJlQngsxFgwokR04_HhWdf0Hc","Q55C+WH New York","87G8Q55C+WH","","3.3","ChIJlQngsxFgwokR04_HhWdf0Hc","shopping_mall","electronics_store","store","point_of_interest","establishment","","","","",""
"","","","southwest","40.75850292010728","-73.82997337989272","","","","","","","","","","","","","","","","","","","","","","","",""
"117 W 25th St, New York, NY 10001, USA","40.744631","-73.99261899999999","northeast","40.74593267989272","-73.99130472010727","https://maps.gstatic.com/mapfiles/place_api/icons/shopping-71.png","477434aefd07925fddd50341484b4373980120a4","New York Vintage Inc","False","4048","<a href=""https://maps.google.com/maps/contrib/106170335079428053302/photos"">Corrie Davidson</a>","CmRaAAAATt4LrbKjMFbpLghlg1N5rF1qCxQu7b-heilkrgBQ_malEkvvUmgk4e7pYym1_fYMga8_NRgGlYa6BEAN4RmWJk0GkNbKENZccQTsd1nDcqjaucNoe2Lkb9R3HOr0AK5CEhBqIiQICsqmPkrMff-Vk0HaGhSsrLljcxVy5K4ugs4dCBKvt1NQdw","3036","ChIJaQPEGqVZwokRIKb19abLH7A","P2V4+VX New York","87G8P2V4+VX","","4.4","ChIJaQPEGqVZwokRIKb19abLH7A","clothing_store","store","point_of_interest","establishment","","","","","",""
"","","","southwest","40.74323302010728","-73.99400437989271","","","","","","","","","","","","","","","","","","","","","","","",""
"30 Rockefeller Plaza, New York, NY 10112, USA","40.75932","-73.980058","northeast","40.76066982989273","-73.97870817010728","https://maps.gstatic.com/mapfiles/place_api/icons/shopping-71.png","9c151ae558f436e7effae0407f1d9380fa4da5c5","The Shop at NBC Studios","False","4032","<a href=""https://maps.google.com/maps/contrib/108212434427506777242/photos"">Farnoush Tamaddon</a>","CmRaAAAA4DSDALERjRwMxseekjwSTf1BOaMVJgV4NKaNH4VK0EQ_m-sjhMCb7W53WfotjvdXmcIjmw4JdyzartQEMGBEdZYhsd5cJcrFMJ5jvndz-uGoaymwr1Z4jzEJRK8Hfl5sEhCh_VbA1i7Tj5VhZ6qLLa3MGhRgDi-LvdOKXyvnmRIVf-k2XGCXZA","3024","ChIJNZvR1v5YwokRadepdoJ17Vg","Q259+PX New York","87G8Q259+PX","","4.2","ChIJNZvR1v5YwokRadepdoJ17Vg","store","point_of_interest","establishment","","","","","","",""
"","","","southwest","40.75797017010728","-73.98140782989273","","","","","","","","","","","","","","","","","","","","","","","",""
"660 Madison Ave Fl 8, New York, NY 10065, USA","40.7646914","-73.9711429","northeast","40.76595392989272","-73.96959152010727","https://maps.gstatic.com/mapfiles/place_api/icons/cafe-71.png","c7d6eaaee683e79e49df30c6ef1355d64a01e5e7","Genes Café Madison Avenue","False","1266","<a href=""https://maps.google.com/maps/contrib/106201480602922542693/photos"">Genes Café</a>","CmRaAAAAXmxMCT0nFa6yApyH_P5R3D1ryQYjoBZzPRGSY952J9ptaD9oiG9nanejzgnHk1F6CekxO0L7G2yGmGVMrxXNrxT-vxUYSZqx7bP7NN6vYEig4LjNA72OTMOBzqiuKY-lEhDMJHwSFFehaQGdYOuuREkvGhTB4qhzAEgyN6Dp_TJgPWRPoFx8ww","1900","ChIJrekR3-9YwokRzwy1f2cu1So","Q27H+VG New York","87G8Q27H+VG","2","3.8","ChIJrekR3-9YwokRzwy1f2cu1So","cafe","store","point_of_interest","food","establishment","","","","",""
"","","","southwest","40.76325427010728","-73.97229117989271","","","","","","","","","","","","","","","","","","","","","","","",""
"314 E 9th St, New York, NY 10003, USA","40.7288016","-73.98654429999999","northeast","40.73018657989272","-73.98516807010726","https://maps.gstatic.com/mapfiles/place_api/icons/shopping-71.png","ba5119fb4e222306bc3ee60eb174ccfb421f8474","Cobblestones","False","","","","","ChIJiynfUJxZwokRMxyZrmpvJ1I","P2H7+G9 New York","87G8P2H7+G9","","4","ChIJiynfUJxZwokRMxyZrmpvJ1I","clothing_store","store","point_of_interest","establishment","","","","","",""
"","","","southwest","40.72748692010727","-73.98786772989271","","","","","","","","","","","","","","","","","","","","","","","",""
"130 Crosby St, New York, NY 10012, USA","40.7247093","-73.9963908","northeast","40.72603722989272","-73.99499637010727","https://maps.gstatic.com/mapfiles/place_api/icons/shopping-71.png","8fa43757bd0d1a41af2487d9afac7f24d2551992","Housing Works Thrift Shops","False","2560","<a href=""https://maps.google.com/maps/contrib/114920196549117918362/photos"">Edwin Perocier</a>","CmRaAAAAdN-XXU29C0wsIanF8IRZipWwkB8OspHaT1wS4MFuf74uvyaS1W0T8C_l38wM7Om15zQM2kXio-Xk88qVixM7d5j3VzS1SCc33DPj0tVNWknGCYaatmibAPaF1q9CPWYOEhBSlTS--PyufNn46qTdqY7cGhRnedoii4vGqyFyECNdYdLSsCZjBA","1440","ChIJ0WA5C49ZwokRlwCBkmzkUdo","P2F3+VC New York","87G8P2F3+VC","","4.1","ChIJ0WA5C49ZwokRlwCBkmzkUdo","clothing_store","home_goods_store","store","point_of_interest","establishment","","","","",""
"","","","southwest","40.72333757010728","-73.99769602989271","","","","","","","","","","","","","","","","","","","","","","","",""
"27 W 8th St, New York, NY 10011, USA","40.7329667","-73.99776969999999","northeast","40.73427257989272","-73.99645332010728","https://maps.gstatic.com/mapfiles/place_api/icons/shopping-71.png","7952596ec47106dfdd95d0831d005cc9e14de962","SHOP UNTITLED","False","570","<a href=""https://maps.google.com/maps/contrib/107074567180296122288/photos"">SHOP UNTITLED</a>","CmRaAAAAffeSQ1rPtw_OxUqV0-mK6Gw7tUnmx7umrZxTXkisk7R9FqkkC2vXfw9jD1YBScnA3xrCxiVJM2FvQk2p4GWXoV-GRN7H5PNNXzThIeyK6nA-x7voEup4lqdlbYZtsznkEhD0cT3YCRydbbl3SA0Hte7IGhTgHugMl-m22ZeGQyVDJyfn61KIBQ","855","ChIJc1jRK5dZwokRankYrf0jb88","P2M2+5V New York","87G8P2M2+5V","","4.8","ChIJc1jRK5dZwokRankYrf0jb88","clothing_store","store","point_of_interest","establishment","","","","","",""
"","","","southwest","40.73157292010728","-73.99915297989273","","","","","","","","","","","","","","","","","","","","","","","",""
"225 W 34th St, New York, NY 10122, USA","40.7518134","-73.9916803","northeast","40.75303127989272","-73.99042992010727","https://maps.gstatic.com/mapfiles/place_api/icons/shopping-71.png","8a9c5caa413ae37fb43afd444cc02aba31608136","Style Room NYC Shopping Tours","","640","<a href=""https://maps.google.com/maps/contrib/111413009124615876849/photos"">Linda Triplett</a>","CmRaAAAAsocnvYsLKIPo617cA6PVxs35VWXn-fh0SFo6ROEwzQRDtm88GZSrqgbpHz9p_1JSWpm_9Z7TxHzZ7ZSW_yzIKbexsxyOnn_ZiHFhLlzuOcmWu45_ZlUGrqBZ0Rz9ny9cEhC6czI-4Zkx-Dd6NG4bhC_BGhTGDyExr6KSvttyhFobg5yWr3erAA","480","ChIJSfvCLKxZwokRJMq5NzUVYoc","Q225+P8 New York","87G8Q225+P8","","5","ChIJSfvCLKxZwokRJMq5NzUVYoc","travel_agency","point_of_interest","establishment","","","","","","",""
"","","","southwest","40.75033162010727","-73.99312957989272","","","","","","","","","","","","","","","","","","","","","","","",""
"245 W 10th St, New York, NY 10014, USA","40.7339353","-74.0058945","northeast","40.73522397989272","-74.00452867010726","https://maps.gstatic.com/mapfiles/place_api/icons/shopping-71.png","a63cdf847d242e6efc51757f3b92d4877771b93c","Housing Works Thrift Shops","False","4032","<a href=""https://maps.google.com/maps/contrib/105413546016633378324/photos"">A Google User</a>","CmRaAAAA5bfDR3WW4lJ6-TbKng4Lk2lz42XKwZUc6vFsPrgKyOu9V0gkbfnC1ySUWtp0uwdIG8h4FU4sootb9AGGjCAfrhMorxhn5W2WWhXtyPEXKvUsUIJhJLlC0PGM92ctJcsbEhB0LN617dA6MmruHn8x4sRAGhTbH64086bV29YgKEpbxVEid61geA","3024","ChIJo_reqJRZwokRAHCtJNsmaXM","PXMV+HJ New York","87G7PXMV+HJ","1","4.6","ChIJo_reqJRZwokRAHCtJNsmaXM","furniture_store","clothing_store","home_goods_store","store","point_of_interest","establishment","","","",""
"","","","southwest","40.73252432010728","-74.00722832989271","","","","","","","","","","","","","","","","","","","","","","","",""
"120 Thompson St, New York, NY 10012, USA","40.7259702","-74.00157639999999","northeast","40.72734717989272","-74.00028382010727","https://maps.gstatic.com/mapfiles/place_api/icons/shopping-71.png","4cd1c65a60e8fc674a67f8f80066b94eef8df2a8","The Hat Shop","False","4128","<a href=""https://maps.google.com/maps/contrib/110738603126675429198/photos"">mike papakalodoukas</a>","CmRaAAAAKDKe470_RVXznyb-XC6bClXGFc8A7atI9Ig7ywBUp6yMaQ0M_KRZEae6m1sbrfNrjM25jkdDTnJi16LUIKBUCp-ljDlc5TJyA7KpLuQXTgXWTKy1LiFUfOli5ZBZ34LCEhCB38QUO7tNjQ9EvrrjPEUsGhTILZKZHlii5W1Wu1eVXCaEqEZwqw","3096","ChIJGfIczI1ZwokRTQYwO6wDF04","PXGX+99 New York","87G7PXGX+99","","4.7","ChIJGfIczI1ZwokRTQYwO6wDF04","clothing_store","store","point_of_interest","establishment","","","","","",""
"","","","southwest","40.72464752010728","-74.00298347989272","","","","","","","","","","","","","","","","","","","","","","","",""
"2569 Broadway, New York, NY 10025, USA","40.7951431","-73.97176879999999","northeast","40.79646367989272","-73.97035242010728","https://maps.gstatic.com/mapfiles/place_api/icons/shopping-71.png","ec6065da5aac00afef522bb43a83a90bb3425c0f","Housing Works Thrift Shops","False","3264","<a href=""https://maps.google.com/maps/contrib/110915890468443805498/photos"">David Perry</a>","CmRaAAAA6Cp_tlIiLJcRA2WG5--56jZNw38NTqLg0CgC46bzP9BO1kxLJokydj7T7SoMXzVIvIT3yMy67JHK3yVrh1zB-z5KUrPKf_eGsvxfQ_tCwESuFts8Jc1ncxj0ruewAftnEhCYEG15osZIrXwyMnEZHiw2GhRo81_zHmZmlVQ2LYJurrQdgdftNg","1840","ChIJEbZQeSj2wokR2SRfjJHS408","Q2WH+37 New York","87G8Q2WH+37","1","4.2","ChIJEbZQeSj2wokR2SRfjJHS408","art_gallery","furniture_store","clothing_store","home_goods_store","store","point_of_interest","establishment","","",""
"","","","southwest","40.79376402010728","-73.97305207989272","","","","","","","","","","","","","","","","","","","","","","","",""
"1186 Broadway, New York, NY 10001, USA","40.7456539","-73.9884615","northeast","40.74701537989272","-73.98721072010727","https://maps.gstatic.com/mapfiles/place_api/icons/generic_business-71.png","1bb16d7d8786de8789e8bf966effea544a7d914c","ZTrend New York Shopping Tours","False","2560","<a href=""https://maps.google.com/maps/contrib/117001899243429285907/photos"">ZTrend New York Shopping Tours</a>","CmRaAAAAJweaE7Yh4tTLO32_s0_YECDItQjO2pUud4G0M06hFpQzB3QvG-QU9NaomD8qHl-SfyNSmOj9bUW0afjMIwl24ptUAmYLpCSUfkmDOLUWb7j_rjPDfUCPoE2HlHHFUW-gEhCta1E8SV2OWHVxFNrkwWfHGhTM8b5SYgfvejcpvNp1VxgRkTRIaQ","1536","ChIJsWyiBKZZwokRk2cvdrMELXY","P2W6+7J New York","87G8P2W6+7J","","5","ChIJsWyiBKZZwokRk2cvdrMELXY","point_of_interest","establishment","","","","","","","",""
"","","","southwest","40.74431572010728","-73.98991037989272","","","","","","","","","","","","","","","","","","","","","","","",""
"475 5th Ave, New York, NY 10018, USA","40.75246","-73.98114339999999","northeast","40.75388887989273","-73.97998492010727","https://maps.gstatic.com/mapfiles/place_api/icons/school-71.png","b999fde40afde8120fd743c6079d606cd83a1552","The New York Public Library Shop","False","750","<a href=""https://maps.google.com/maps/contrib/107716212486084072422/photos"">The Library Shop at The New York Public Library</a>","CmRaAAAAcVtRWmCVwT1CLhE0g8_Fnq9cqrbyZLu_BiPwulaNR_3aBAiMm0p3xchrHOicl35vY--2qAaNQEmWSm2qz7V8jiObacDktHpJvKRKQdCYPjwJz1cCEKwaB2uhiDerGeMrEhCZQzjhKo4v-duGpv8XsfRWGhSmGgjPOitU1w3mpnxtWXDTqOYJww","1000","ChIJJcFX6alZwokRPElLWaXkTeA","Q229+XG New York","87G8Q229+XG","2","4.6","ChIJJcFX6alZwokRPElLWaXkTeA","library","book_store","store","point_of_interest","establishment","","","","",""
"","","","southwest","40.75118922010728","-73.98268457989272","","","","","","","","","","","","","","","","","","","","","","","",""
"47 W 20th St, New York, NY 10011, USA","40.7410753","-73.9937405","northeast","40.74233992989272","-73.99245312010727","https://maps.gstatic.com/mapfiles/place_api/icons/shopping-71.png","0810f49018fb50e720e1eab4ba852ccb858f7d34","Limelight Shops","False","2448","<a href=""https://maps.google.com/maps/contrib/115958408525025894856/photos"">LetsGo Nico</a>","CmRaAAAAA3Mn4oaD10hP3aPnG4lAZY7gLak6vr1XT92R44rNgP7mQewAuxh6RP-g0XqVWFYF5-8wt4vgtSc7OAaTXhjtjF99xjerXYOwMtmjjx2fnuq4q31ILBDl-ZWT1h7_ldAfEhDraqKzonsdq_Gn9u0s2hJIGhTkXDDj16x4TVR_3DQWPs1s2RXkdQ","3264","ChIJhbETRaNZwokRYxrLpnVTijg","P2R4+CG New York","87G8P2R4+CG","","3.8","ChIJhbETRaNZwokRYxrLpnVTijg","shopping_mall","point_of_interest","establishment","","","","","","",""
"","","","southwest","40.73964027010727","-73.99515277989271","","","","","","","","","","","","","","","","","","","","","","","",""
"64 Seabring St, Brooklyn, NY 11231, USA","40.68143670000001","-74.00715049999999","northeast","40.68268477989272","-74.00592252010728","https://maps.gstatic.com/mapfiles/place_api/icons/shopping-71.png","2fc610a0d35dbaf40de1f68c0180d473d8e00554","Raaka Chocolate","False","2435","<a href=""https://maps.google.com/maps/contrib/112802205777405335819/photos"">Ann Kazannik</a>","CmRaAAAAAGe-OsI18YX6yXhFfEmnqWfOZMyxKvbs_ysWNuTONcf5OVQgEOxr8LffI8bC_Q5OBIcBuBuygHfE1DL-A49bBr1A-ZiQ3KjoHlKR6MkNLFIQxMBoifmTqhi_0S2fxcQgEhBWXgy3gEDw0PkxLBVA0voxGhTF8Df1InvG3dNBnTNvOwdnuTh18w","4329","ChIJFyq4ScFbwokRwMJWGE6ad1o","","","","4.8","ChIJFyq4ScFbwokRwMJWGE6ad1o","store","point_of_interest","food","establishment","","","","","",""
"","","","southwest","40.67998512010728","-74.00862217989271","","","","","","","","","","","","","","","","","","","","","","","",""
"The Plaza Hotel, 1 W 58th St, New York, NY 10019, United States","40.7641638","-73.97445689999999","northeast","40.76547652989272","-73.97313397010727","https://maps.gstatic.com/mapfiles/place_api/icons/shopping-71.png","cd774ae32e5a3034cb19c0b4a1909620335742a7","The Plaza Boutique","","3024","<a href=""https://maps.google.com/maps/contrib/108190339677752396804/photos"">Alex Hatzenbuhler</a>","CmRaAAAASPGcoRgpANTouAQPdQ7g5fPO9nu05JoyanPgQJwYHipIg0Wo9ChZA8-dcnKzc86pwnrNAahO4kFhOTXQr1QC-6vHEv637TJbuLj_Z0EzjE1PyHwIB_canjdRD_ZsREMtEhAw6yNqI03HOdPdlKSPjGoQGhQ-bAv6sUbhGuZbE2W00G1PnIu6bw","4032","ChIJXeTBhfBYwokRz6A4gM1j3_k","Q27G+M6 New York","87G8Q27G+M6","","4.7","ChIJXeTBhfBYwokRz6A4gM1j3_k","clothing_store","store","point_of_interest","establishment","","","","","",""
"","","","southwest","40.76277687010727","-73.97583362989272","","","","","","","","","","","","","","","","","","","","","","","",""
"226 W 37th St, Second Floor, New York, NY 10018, United States","40.75331","-73.99059199999999","northeast","40.75465982989272","-73.98924217010727","https://maps.gstatic.com/mapfiles/place_api/icons/shopping-71.png","0390c9a196075d2ae794cee5956bc53909cb289d","Designer Loft","False","2620","<a href=""https://maps.google.com/maps/contrib/113473417584582710099/photos"">Julio Theaux</a>","CmRaAAAAuR0PMKuVLgC8e2fz6WgCNEMjisO_7fkVmd0IbHvKb0cjAfmgbq9QEzM8dYpXlIvN5z2wZRXznKPEKivdReF347kvPjH1fDgUSMXKrUC-_NOf_51BaXmhrdQmzQ_FopfPEhC_l4K0UMuOHgIAFWWgcsX2GhRE6ZxmSzmOFs8mJLgJw8l9v9ug1g","4656","ChIJr_LzXKxZwokRp5lz8T6it58","Q235+8Q New York","87G8Q235+8Q","","4.1","ChIJr_LzXKxZwokRp5lz8T6it58","clothing_store","store","point_of_interest","establishment","","","","","",""
"","","","southwest","40.75196017010727","-73.99194182989271","","","","","","","","","","","","","","","","","","","","","","","",""
"65 E 4th St, New York, NY 10003, USA","40.726808","-73.99067289999999","northeast","40.72812557989272","-73.98934702010727","https://maps.gstatic.com/mapfiles/place_api/icons/shopping-71.png","d81cf9bf2a82703a03f64e402626eab9334ba8bf","Fragrance Shop New York","False","4032","<a href=""https://maps.google.com/maps/contrib/118064077233649574092/photos"">Danny B</a>","CmRaAAAAOUKo2o0lEDiCGktfMXIM8XDwAfrXT_gGvz5XYlNptykkHzJNU0MJ4v2r6HWlDsSLcS2LYOxFCx3dYBl9gpScpE55tf0XOSmYnpzcodgpc9nkfN8MwzyzZv77_WdkbuTaEhAeV-LWMui1IUtCc3C_vvskGhTUGBMrgNuMaqcSumbJfbkb0582cw","3024","ChIJC-foeZtZwokRQrBWLT3le88","P2G5+PP New York","87G8P2G5+PP","","4.6","ChIJC-foeZtZwokRQrBWLT3le88","clothing_store","store","point_of_interest","establishment","","","","","",""
"","","","southwest","40.72542592010728","-73.99204667989272","","","","","","","","","","","","","","","","","","","","","","","",""
"119 Chambers St, New York, NY 10007, USA","40.7154113","-74.00842899999999","northeast","40.71666537989272","-74.00715472010728","https://maps.gstatic.com/mapfiles/place_api/icons/shopping-71.png","4f1fca60f2a5e92eb840185df06855d60e368dae","Housing Works Thrift Shops","False","2988","<a href=""https://maps.google.com/maps/contrib/102769760859516251056/photos"">A Google User</a>","CmRaAAAAFq-Y0s3kfVEF56LM2yUELBpHhIIEX_3dVOfnPB9WAAu5uhVtR08rIHqfG-y5jg4EZo9esY_ApzUw5SR5w24oXUvyPY9rgDAlsOO0JP3nL7B6IuP3BWmhentn_u0QU-6GEhDomSna6bdRMtwYavw3sqHFGhTs33yR52KEGQFoFhUtZSLqWhK0Tw","5312","ChIJG2DVFx9awokRaIrPM2exvaU","PX8R+5J New York","87G7PX8R+5J","1","3.8","ChIJG2DVFx9awokRaIrPM2exvaU","furniture_store","clothing_store","home_goods_store","store","point_of_interest","establishment","","","",""
"","","","southwest","40.71396572010728","-74.00985437989273","","","","","","","","","","","","","","","","","","","","","","","",""
"59 Franklin St, New York, NY 10013, USA","40.717346","-74.003337","northeast","40.71867802989271","-74.00200262010728","https://maps.gstatic.com/mapfiles/place_api/icons/shopping-71.png","a5ab818d94f692e566a7767adc5f3a77d1c69655","T-Pop Shop NYC","True","640","<a href=""https://maps.google.com/maps/contrib/113473138268513875830/photos"">Tania Anthony</a>","CmRaAAAAkwgjm6AsPAybmmlCdWqd8qZJPHjZJ1_VGI1hXDLL_gF265W6KEjqaMVQhyHLh9RcvYyAFxwWYnLSXiEo8Nnkjow8i481Ywhv3sMnuvzw-DoKnuJmZwl9rBOHSfcDumSBEhBcoklRZpuRefigxGhmOyYPGhRuPxV1DReAnf9y-LdA5M8C8txZ0Q","640","ChIJ1UgPiyBawokRFG48GADz120","","","","0","ChIJ1UgPiyBawokRFG48GADz120","clothing_store","store","point_of_interest","establishment","","","","","",""
"","","","southwest","40.71597837010727","-74.00470227989273","","","","","","","","","","","","","","","","","","","","","","","",""
"66 2nd Ave, New York, NY 10003, USA","40.7258825","-73.9893093","northeast","40.72729147989273","-73.98809952010727","https://maps.gstatic.com/mapfiles/place_api/icons/shopping-71.png","e09c8f98a54c376dd2abadbca725eec65e55eb89","NYC Velo","False","3626","<a href=""https://maps.google.com/maps/contrib/117808460219123378764/photos"">Ruwan J.</a>","CmRaAAAAosIWTJIuEm9zQ8TS9kC0gO2Y2bSilTOe7u07SaDpezjEL_msfXjoG6sQZHy8iDfZQwhYbwINbFx_T5aioEm_2-LAtQpR_UjVpJDjb9lCSuhFJeqb4jp7A62FZE-ss5NpEhAWJrNg3uSW_clyQGNohv8AGhRIp5qiLiLZjSrbJnQJFY1chs48Uw","2950","ChIJ0Tw5r4RZwokRiO2CpQQA1m0","P2G6+97 New York","87G8P2G6+97","","4.6","ChIJ0Tw5r4RZwokRiO2CpQQA1m0","bicycle_store","store","point_of_interest","establishment","","","","","",""
"","","","southwest","40.72459182010728","-73.99079917989272","","","","","","","","","","","","","","","","","","","","","","","",""
"590 W 45th St, New York, NY 10036, USA","40.7625199","-73.9966348","northeast","40.76391247989272","-73.99525372010729","https://maps.gstatic.com/mapfiles/place_api/icons/shopping-71.png","3afc05e65e44dff6e5e7d5a46ff8e1528316e0f6","NYC Velo Hell's Kitchen","False","442","<a href=""https://maps.google.com/maps/contrib/102132017434091541962/photos"">NYC Velo</a>","CmRaAAAAXspghfXOl3nAnXGcYWYtWvbLwfVWi53BOUtFyOxBaspkVmUoOkxRsG6FiKZL9ZgwuBSwNCDWHzaSnbIeBJHbPfhp6PPPbyz1vq5My2749gElQYe5SJ0rjCml5q2uhSFFEhDYFFJ6LOoBrZEzOh0ghzJ4GhRvN6tkjbBD9VGdrgIg8YD35P-Ipw","600","ChIJHaHScU5YwokRLT4Io-to9Pc","Q273+28 New York","87G8Q273+28","","4.5","ChIJHaHScU5YwokRLT4Io-to9Pc","bicycle_store","store","point_of_interest","establishment","","","","","",""
"","","","southwest","40.76121282010728","-73.99795337989273","","","","","","","","","","","","","","","","","","","","","","","",""
"345 W 35th St, New York, NY 10001, USA","40.7536704","-73.9946686","northeast","40.75498122989271","-73.99334737010729","https://maps.gstatic.com/mapfiles/place_api/icons/shopping-71.png","c3d4ad87e8a0a1a863c99c3cf2f921518c2bd198","Time Square","","3024","<a href=""https://maps.google.com/maps/contrib/101781608700822762495/photos"">Arthur Mawaya</a>","CmRaAAAACiZ7NcdQNL7KKbEcajtoVJctWLFEiHyrahYa1fT28vI7idnn_jpV8GXFHLF5ehDtN4B7Gki2b3NtHtL3ki2hdqNGhZeWpzERCnBfOy9XrxcHumjtF40JxsZal3UgxQQVEhAnRxfcNjSnpUQpmsxbjkGmGhRuw4fAaB6QxOwBwYHyge-QXuQ2kw","4032","ChIJu2zgh61ZwokRu-BPG0fOCh8","Q234+F4 New York","87G8Q234+F4","","4.7","ChIJu2zgh61ZwokRu-BPG0fOCh8","shopping_mall","point_of_interest","establishment","","","","","","",""
"","","","southwest","40.75228157010727","-73.99604702989274","","","","","","","","","","","","","","","","","","","","","","","",""
"160 Lexington Ave, New York, NY 10016, USA","40.7440962","-73.9817188","northeast","40.74539552989273","-73.98024442010728","https://maps.gstatic.com/mapfiles/place_api/icons/shopping-71.png","2130ab0bfad8b1bfc2c7d792a5f8a7349517b3e7","Dover Street Market New York","False","960","<a href=""https://maps.google.com/maps/contrib/109614308137872430347/photos"">Betsy Van Die</a>","CmRaAAAAuLOt9NGPcxXCUmN7KtZKY79JeOvMk9WwSEfeMEMYV3DUfB5nWSiZhQOa6Z8rCEoIzRz0jv6GNw-q-B6OQ-4SLgB2o6HgsyNpIS0tuPaUzJG9zydx-HRU7pL7yqB_oNQcEhCuw-Yirr4owj0QmJUhBxhGGhTFO4d9Y4M9dTNsybzI9slZyHvoxg","768","ChIJTS9-FAhZwokRcbse7lr_jHA","P2V9+J8 New York","87G8P2V9+J8","","4.4","ChIJTS9-FAhZwokRcbse7lr_jHA","clothing_store","store","point_of_interest","establishment","","","","","",""
"","","","southwest","40.74269587010728","-73.98294407989273","","","","","","","","","","","","","","","","","","","","","","","",""
"230 Vesey St, New York, NY 10281, USA","40.7127168","-74.01528239999999","northeast","40.71704624999998","-74.01279765000001","https://maps.gstatic.com/mapfiles/place_api/icons/generic_business-71.png","30005ece85c57803e290712f5f70ffc105849cb9","Brookfield Place","False","1362","<a href=""https://maps.google.com/maps/contrib/109196475849745392376/photos"">bilder ulbrich</a>","CmRZAAAAPJzJxMVjyQJW4iVb9IlYSJCxtucfEz0G_jJU1veZ5PC5EAuFB_0dpnRz5GIXwU9LEUWAQwREuAGagwA-p6z3CqDc18SENx4y8VdzKi6q9ysM6Y5d6fZukDhFB8qn06lfEhCQoBWVX_8zekcvLyygnBWZGhT1LqZEGvq4LebJSiBUpFEvKDImvw","2048","ChIJy8jTDBtawokRB9wNyxemSw8","PX7M+3V New York","87G7PX7M+3V","","4.5","ChIJy8jTDBtawokRB9wNyxemSw8","shopping_mall","point_of_interest","establishment","","","","","","",""
"","","","southwest","40.70759405","-74.01744905","","","","","","","","","","","","","","","","","","","","","","","",""
"443 Broadway, New York, NY 10013, USA","40.720157","-74.0010544","northeast","40.72153882989272","-73.99977077010728","https://maps.gstatic.com/mapfiles/place_api/icons/shopping-71.png","43d3f3f2a6184493a12a73967f2a5db672e153b8","Necessary Clothing","False","500","<a href=""https://maps.google.com/maps/contrib/109735713825195827692/photos"">Necessary Clothing</a>","CmRaAAAAMeh4dcKYkwXg1qccWbJc_lGvK5sNBIL7Yg-MgEMtAAZ6lQ1IY_ei6eOCtVMJE4QhI_OYzOPkOurAppvSPK0iqUEHlfEF9W3NDl5CKApi0WHDddFkNq_7kffgFQFxo2cjEhB8EkMz7bhtWzop7mf2LccRGhS3Cp6sTlwRMF6ZHiZu2DRsn0jHDQ","700","ChIJt41PJopZwokRacUl10saeGA","PXCX+3H New York","87G7PXCX+3H","","2.3","ChIJt41PJopZwokRacUl10saeGA","clothing_store","store","point_of_interest","establishment","","","","","",""
"","","","southwest","40.71883917010728","-74.00247042989272","","","","","","","","","","","","","","","","","","","","","","","",""
"12 John St, New York, NY 10038, USA","40.7098644","-74.0090517","northeast","40.71124697989273","-74.00766047010728","https://maps.gstatic.com/mapfiles/place_api/icons/shopping-71.png","84963c252168d334e7d6a50d922c60c23b0582c6","NYC Smoke Shop & Vape Shop","True","3024","<a href=""https://maps.google.com/maps/contrib/114606368623689950590/photos"">Real Googler</a>","CmRaAAAAtjjmLyiTA0HBWjaEJyl6xcB6T5Ngc6Tz7OrHAHFOJlguvpeMEOuyE2K1OHliGlwTbX63O06nskfvqKF1J9YIugVG0o0MvMpofJnLwkOiwTp2dAcs_j-6KzMH2HOvtHt4EhAt2z0Ln-XvBwf5KrMrESaUGhQAGygx9ixXFtg47nFXs11aWkqKeg","4032","ChIJ5f4tLBhawokRut96Q4N690k","PX5R+W9 New York","87G7PX5R+W9","","4.2","ChIJ5f4tLBhawokRut96Q4N690k","store","point_of_interest","establishment","","","","","","",""
"","","","southwest","40.70854732010728","-74.01036012989272","","","","","","","","","","","","","","","","","","","","","","","",""
"Bowery & Grand St, New York, NY 10013, United States","40.7184706","-73.9948124","northeast","40.71982042989273","-73.99346257010728","https://maps.gstatic.com/mapfiles/place_api/icons/shopping-71.png","79b3dafcdaf759a93a86ec0c72c9d36803a3e605","Grand St & Bowery, Manhattan, NY","","","","","","ChIJt-CyCohZwokRARlkL446WW0","P294+93 New York","87G8P294+93","","0","ChIJt-CyCohZwokRARlkL446WW0","shopping_mall","point_of_interest","establishment","","","","","","",""
"","","","southwest","40.71712077010729","-73.99616222989272","","","","","","","","","","","","","","","","","","","","","","","",""
"19 Fulton St, New York, NY 10038, USA","40.7070877","-74.003546","northeast","40.70839302989273","-74.00230732010728","https://maps.gstatic.com/mapfiles/place_api/icons/shopping-71.png","ee1d7d900f2dfb351b344464139b7a274dc591fa","The Seaport District","False","3036","<a href=""https://maps.google.com/maps/contrib/102217145847390522237/photos"">Lora Aroyo</a>","CmRaAAAAu8QJWfyP15OCI9rt2smvSfJ4UbdRx7JoevIpkQCxIgyWPe_hIschLvU-feN7zqkzg5V5G7rttC7_PqG3CICpu0w12Dddyq96RzfAulUxJ-IfOkT1hg44hTZ1dIOFLeINEhDdYeOCyo6dxvBc9bxvzfSjGhTcjrJ7XnL2aLCLB5jPO5vXeL953w","4048","ChIJh6Pk4TxawokRQn2vBz09L-M","PX4W+RH New York","87G7PX4W+RH","","4.6","ChIJh6Pk4TxawokRQn2vBz09L-M","shopping_mall","point_of_interest","establishment","","","","","","",""
"","","","southwest","40.70569337010728","-74.00500697989271","","","","","","","","","","","","","","","","","","","","","","","",""
"88 10th Ave, New York, NY 10011, USA","40.7428772","-74.00737409999999","northeast","40.74422702989273","-74.00602427010728","https://maps.gstatic.com/mapfiles/place_api/icons/shopping-71.png","6a7222e9369d59c686855dde3466390ea6c446a6","Artists & Fleas","False","3024","<a href=""https://maps.google.com/maps/contrib/107588158465609290930/photos"">Marco Mancastroppa</a>","CmRaAAAAsO5NdnMer9u0ePPnJcU6tkvgxX3YqsJVb619KICDnT77w8Y-wmD_GlahfzIqoR1PvejQ46x6cPKaviBP0C6rZkWNbyAl8Tp29uaHiocJI_uMy1rXdZMSOIQmZ15uvbg7EhA7g0r3xYrlLt724um4J_AZGhRu7f7rsiWZasGy5ed1TGWu-xoeSA","4032","ChIJo6ZHsMBZwokRBCS2f2XuMVU","PXVV+53 New York","87G7PXVV+53","","4.3","ChIJo6ZHsMBZwokRBCS2f2XuMVU","art_gallery","clothing_store","electronics_store","home_goods_store","store","point_of_interest","establishment","","",""
"","","","southwest","40.74152737010728","-74.00872392989272","","","","","","","","","","","","","","","","","","","","","","","",""
"1453 Metropolitan Ave #7, Bronx, NY 10462, USA","40.8370978","-73.86095419999999","northeast","40.83842882989272","-73.85953097010727","https://maps.gstatic.com/mapfiles/place_api/icons/shopping-71.png","63f23ddcf39b914fae5e7e9ca5e340e4c1a06203","New York & Company","False","4032","<a href=""https://maps.google.com/maps/contrib/117768608905090782733/photos"">anthony gopar</a>","CmRaAAAAhsW5Hej370bZFS66ZJv_gWtST_18KtNnnL38ci8zt2DdXKAL5eB6exajb8pFwKU_kuAGPZ12EvBXQ5IxHMM3kT4zexQHTS69vXmR24FEDqZii_dRGfGDNENUpo_Db93sEhByvolmwwYwjaBDN-7pTR_1GhQD_CNDOjUTExCr5WUy-Pf2gwFEPQ","3024","ChIJXxqwNr_0wokRo2CQ4vlQggI","R4PQ+RJ New York","87G8R4PQ+RJ","","3.8","ChIJXxqwNr_0wokRo2CQ4vlQggI","shoe_store","jewelry_store","clothing_store","store","point_of_interest","establishment","","","",""
"","","","southwest","40.83572917010728","-73.86223062989272","","","","","","","","","","","","","","","","","","","","","","","",""
"110 West End Ave, New York, NY 10023, USA","40.7748037","-73.98785579999999","northeast","40.77619862989272","-73.98661272010726","https://maps.gstatic.com/mapfiles/place_api/icons/shopping-71.png","7ddf99258c35c426552e38fcd788c6c6d9bf641e","Toga Bike Shop","False","2988","<a href=""https://maps.google.com/maps/contrib/106653496241514829847/photos"">Anthony DeSimone</a>","CmRaAAAAJSIO9dG5ne8_zwwXE51G7H5ZKkpGi79SAjh4RWd22_cP349uq2CTQDcz-HPp__d51FSlxQq3iM_of-gm7tixyKrdvOl-jtnasqYFDuC7zUxyuva9t7-C9hSKXDyQ64mxEhD226LLeBtDksN2iohlYV7BGhROur_aEvHU1bTSArUwkKnVC0Wbrw","5312","ChIJQ9MPHF5YwokRNOs38qSxDM8","","","3","3.3","ChIJQ9MPHF5YwokRNOs38qSxDM8","bicycle_store","store","point_of_interest","establishment","","","","","",""
"","","","southwest","40.77349897010727","-73.98931237989271","","","","","","","","","","","","","","","","","","","","","","","",""
"New York, NY 10007, USA","40.7160722","-74.004954","northeast","40.71742202989272","-74.00360417010728","https://maps.gstatic.com/mapfiles/place_api/icons/shopping-71.png","1bd0aad230b6004268df5d440cd236880ffdcdd2","Dehati Mall","True","","","","","ChIJn2p1tSFawokRCCMGHsSwZY4","PX8W+C2 New York","87G7PX8W+C2","","5","ChIJn2p1tSFawokRCCMGHsSwZY4","shopping_mall","point_of_interest","establishment","","","","","","",""
"","","","southwest","40.71472237010727","-74.00630382989272","","","","","","","","","","","","","","","","","","","","","","","",""
"114,, 88 E Broadway, New York, NY 10002, United States","40.7138354","-73.99414030000001","northeast","40.71513682989273","-73.99278332010728","https://maps.gstatic.com/mapfiles/place_api/icons/shopping-71.png","beda2db3551bed6e9d932fd00bb44c4f0691db2e","Tangchao Inc","False","640","<a href=""https://maps.google.com/maps/contrib/103675455139688151045/photos"">A Google User</a>","CmRaAAAA2A-_xxocYcEjb6KNjXy3RjtGgsPVrPGNkWeON3Xw_IQJMGD61_P7bTYs6nzX3jZWQmTHev1jtkdx_Gc7NwCwbhNTbWEi6NF2xVVXxx8_RQBRlNF9DipTWZzE9Fl7KUM5EhBNZigsCW83VgB0o7sOniL5GhTlmVyIkwMd7lCwHGPXcqT7sJx_yw","852","ChIJq3ALmyhawokRUoR_1x4s2PY","P274+G8 New York","87G8P274+G8","","5","ChIJq3ALmyhawokRUoR_1x4s2PY","shopping_mall","point_of_interest","establishment","","","","","","",""
"","","","southwest","40.71243717010729","-73.99548297989271","","","","","","","","","","","","","","","","","","","","","","","",""
"51 Avenue A, New York, NY 10009, USA","40.7241016","-73.98526459999999","northeast","40.72540307989271","-73.98379842010726","https://maps.gstatic.com/mapfiles/place_api/icons/shopping-71.png","8f457dedae6fe1f79ce62f0a6a22221c03aedf14","Exit9 Gift Emporium NYC","False","4032","<a href=""https://maps.google.com/maps/contrib/117808460219123378764/photos"">Ruwan J.</a>","CmRaAAAAAvojJXVRXzprAe3qKX3_FMcGSPM1ObQlDOfj7FBj-fwOZ6gYHCFvqVs3yOA0-0TE7oofTiTdrNIOkm3A22cAorbhs7WpHzRIfYwWL9BKWsZqBaJOBupZo2KBlXmUMFQ8EhA0Zp8ETWgR5g00ZNJ_3HWHGhRtj1-mKnIeXI6LZHML5iKfPeMZdg","3024","ChIJOzIewIJZwokRlex7MS_C-hQ","P2F7+JV New York","87G8P2F7+JV","2","4.5","ChIJOzIewIJZwokRlex7MS_C-hQ","home_goods_store","store","point_of_interest","establishment","","","","","",""
"","","","southwest","40.72270342010727","-73.98649807989271","","","","","","","","","","","","","","","","","","","","","","","",""
"409 Gateway Dr, Brooklyn, NY 11239, USA","40.6532669","-73.87187759999999","northeast","40.65467182989273","-73.87039822010726","https://maps.gstatic.com/mapfiles/place_api/icons/shopping-71.png","ef8ef5e204246bb7737052ad0b3fff4411f2c122","New York & Company","False","4032","<a href=""https://maps.google.com/maps/contrib/114403081481337331578/photos"">Shannon James</a>","CmRaAAAAuKPUsABjBla-gk4-TjSX8qicyH6Pv6M7x-mct0DkRyiC-6tk-d6OG9JdtBL9-E3Vqkk-ct_Wu8GkQH9oD74Ce81clDgPzX-WOIR08zlgt_X68otRIl96GCJJ5TZTXANxEhBGZqn6Wc5OWd4WTeNOyMtyGhTqvultdsUue8NsKgvvZWqQ6F_d-g","2268","ChIJeQYDhQ5dwokRyqawBQIG_TM","M43H+86 New York","87G8M43H+86","","4.2","ChIJeQYDhQ5dwokRyqawBQIG_TM","shoe_store","jewelry_store","clothing_store","store","point_of_interest","establishment","","","",""
"","","","southwest","40.65197217010728","-73.87309787989271","","","","","","","","","","","","","","","","","","","","","","","",""
"151 W 34th St, New York, NY 10001, USA","40.7508025","-73.98948349999999","northeast","40.75211202989272","-73.98793992010728","https://maps.gstatic.com/mapfiles/place_api/icons/shopping-71.png","e04114820206890ff0155d2f7a6f7efc0903fb9b","Macy's","True","3024","<a href=""https://maps.google.com/maps/contrib/104292380402625120037/photos"">Y. R. Suman</a>","CmRaAAAAjCwVv4urpC7JTAV7VbyNxq5wgBjU9iMvzzubvdl8Pul_yYknmpNl7f7O1eTgA5Pijk4ENAOJWLDLT-kM-yyN-A0SVJ0vGU5ERUMx_FzrFRWZYMQB1RSvwQIfEo-4doScEhBr1-d7Y4IFLuIz3p8Ml3LKGhTKn6O35VSR9vydHqDiFqbyr2HYiA","4032","ChIJ3xjWra5ZwokRrwJ0KZ4yKNs","Q226+86 New York","87G8Q226+86","2","4.3","ChIJ3xjWra5ZwokRrwJ0KZ4yKNs","department_store","shoe_store","jewelry_store","furniture_store","clothing_store","home_goods_store","store","point_of_interest","establishment",""
"","","","southwest","40.74941237010727","-73.99063957989272","","","","","","","","","","","","","","","","","","","","","","","",""
"828 Broadway, New York, NY 10003, USA","40.73331700000001","-73.9909639","northeast","40.73466682989272","-73.98961407010728","https://maps.gstatic.com/mapfiles/place_api/icons/shopping-71.png","e00fc357335dd6213a1bbf3de746d61e91d458b5","Strand Bookstore","True","3024","<a href=""https://maps.google.com/maps/contrib/106833722526947327072/photos"">Sang-Yeon Cho</a>","CmRaAAAAyflbO6VD51l_V9LGHT7JQzX7I5ULFMpVEg3-ooNeEBiND4dWuHn04pPlZFSMBGioAHe3YDEDzDGw9Q8j6eAik1VgYyzvrg3xyEgCfO0NlhOQ-R8eHOH92VqIJHSXkruAEhDUPg516tHgCuBnbf1NG30tGhTSIVmn1LrHyvZ_j_HsRAscOawPAw","4032","ChIJnSKGEJlZwokRQIpiCvzKzV4","P2M5+8J New York","87G8P2M5+8J","2","4.8","ChIJnSKGEJlZwokRQIpiCvzKzV4","book_store","store","point_of_interest","establishment","","","","","",""
"","","","southwest","40.73196717010728","-73.99231372989273","","","","","","","","","","","","","","","","","","","","","","","",""
"176 5th Ave, New York, NY 10010, USA","40.7411545","-73.9900821","northeast","40.74247217989272","-73.98865577010727","https://maps.gstatic.com/mapfiles/place_api/icons/shopping-71.png","3d9399f53ac0de5a6ccad35d16d7878d4d96f789","Fujifilm Wonder Photo Shop","False","2448","<a href=""https://maps.google.com/maps/contrib/112083827460901098103/photos"">Jonathan H</a>","CmRaAAAAqy0NP80SehNm0T8i0IKH6ko6ukj0oOwoRHZ_U1c1gi_MxClESgQkMfq-f0A6DWT5EZFn4mAkjIr8kzkCEK26D0TLQ2xjqVaHVpVpWLiC6LaN8mK4SBpmKP0DUjQ7SOQBEhC1uWO8SKxDAUJzI1V8rwvZGhQGOL4f4FvlxH8N9jkSx3fDBcfFag","3264","ChIJg1K29aNZwokRbrJKbWmtBeA","P2R5+FX New York","87G8P2R5+FX","","4.1","ChIJg1K29aNZwokRbrJKbWmtBeA","electronics_store","home_goods_store","store","point_of_interest","establishment","","","","",""
"","","","southwest","40.73977252010727","-73.99135542989272","","","","","","","","","","","","","","","","","","","","","","","",""
"185 Greenwich St, New York, NY 10007, USA","40.71103919999999","-74.01174840000002","northeast","40.71244537989272","-74.01068747010727","https://maps.gstatic.com/mapfiles/place_api/icons/shopping-71.png","dd5724a1c70c01957fe074bbfe8eb346ce504130","Ministry of Tomorrow - Vegan Luxury Designer Leather Hand Bags NY","False","2048","<a href=""https://maps.google.com/maps/contrib/103127659758463807018/photos"">A Google User</a>","CmRaAAAA2x-5_iIYwbMw9J6SBDLQWerbFZiJWh1_UqgRgPjlsoueP65TAiEd4Qx0Z5yMSLqjJ658P1RnmmT4CICmOMVppglENGaZnKjI9Bo_kUiQDOtazkTdVW7SoyM34yBf-rXKEhAWQiQavL8jBDSGNcwFwFcaGhRfvB7cStPC6gQE7q5Xgd2A3j7BZg","1998","ChIJx_I4jRlawokRttXSQolQatk","PX6Q+C8 New York","87G7PX6Q+C8","","5","ChIJx_I4jRlawokRttXSQolQatk","shopping_mall","point_of_interest","establishment","","","","","","",""
"","","","southwest","40.70974572010728","-74.01338712989272","","","","","","","","","","","","","","","","","","","","","","","",""
"250 W 40th St #1, New York, NY 10018, USA","40.7554504","-73.9898286","northeast","40.75683917989272","-73.98842837010727","https://maps.gstatic.com/mapfiles/place_api/icons/shopping-71.png","a71a042cb58bd6b021d51b98c6195d3d82254ab5","The Drama Book Shop Inc","False","4048","<a href=""https://maps.google.com/maps/contrib/112485230829827717130/photos"">Chili Pedi</a>","CmRZAAAAf-TVFJiu75Ckvjj4oH_wKK6AVW16JH9bewmgmAHD7OMpvM3dLhxVVi1hQNQJn1UFaHSPP0pfl3djKA6hIqS-u0LvbixV164Z4M9U_BoZEhsdaGUxhlZF5J8cXa6OHVOwEhD8CDS7BTT22C1hMjuLNAKoGhRJfDM4Mn9jDcB0HrTnQnvTfw3LsA","3036","ChIJKwlmsKxZwokRfLTqxrJvDzY","Q246+53 New York","87G8Q246+53","","4.8","ChIJKwlmsKxZwokRfLTqxrJvDzY","book_store","store","point_of_interest","establishment","","","","","",""
"","","","southwest","40.75413952010727","-73.99112802989272","","","","","","","","","","","","","","","","","","","","","","","",""
"158 Grand St, New York, NY 10013, USA","40.7199563","-73.99862499999999","northeast","40.72126422989272","-73.99731002010726","https://maps.gstatic.com/mapfiles/place_api/icons/cafe-71.png","9fbb100abd8300d77b0cd6babc31f2b74e5e8f2a","Landmark Coffee Shop","False","4032","<a href=""https://maps.google.com/maps/contrib/116412284256484381033/photos"">Hans Anker</a>","CmRaAAAAcf1QaGpEt05L7NFw_utVQt6ACSOxuOV_C5j4ihn0KxoQNRxFreUdGoEKD5WzVwRL1rA4RKja4BV3jUdLcJB_AjpgZYhk34uNPapS_-qMTpOat3XR9Xw2L1r79jN8WN99EhDA4fZdaofWnV-DmFOuH3ibGhTNZLIM-P1MmRUHtyMDQhIhTXJRcA","3024","ChIJN66GpolZwokRAPJSwkC8FtE","P292+XH New York","87G8P292+XH","1","4","ChIJN66GpolZwokRAPJSwkC8FtE","cafe","store","restaurant","point_of_interest","food","establishment","","","",""
"","","","southwest","40.71856457010728","-74.00000967989271","","","","","","","","","","","","","","","","","","","","","","","",""
"30-37 Steinway St #30, Astoria, NY 11103, USA","40.762637","-73.9155396","northeast","40.76406762989271","-73.91436267010728","https://maps.gstatic.com/mapfiles/place_api/icons/shopping-71.png","5797e1670cc677d7e900cc1469fcd1b651a22bc8","New York & Company","False","671","<a href=""https://maps.google.com/maps/contrib/117575004809961958321/photos"">New York & Company</a>","CmRaAAAALl_5JwXpWYU_pOrCabNFu_8Ev7d55Wz12bIpB9KGDEu_XpWdGylKvuFFbpBKmhmPRGEnyapNINJTOTfvpcWk2xmmJ3Qrm_ZK4l9C1BeKLWjJjch4iClJX0z50sCVFRYZEhC5bPzlNRhNfhefhIaVpiZjGhScfos7sEV6ATXdo2zT-95sCk0QWw","1192","ChIJ6czb_T5fwokRUE1hE-pyv5Q","Q37M+3Q New York","87G8Q37M+3Q","","3.7","ChIJ6czb_T5fwokRUE1hE-pyv5Q","shoe_store","jewelry_store","clothing_store","store","point_of_interest","establishment","","","",""
"","","","southwest","40.76136797010727","-73.91706232989273","","","","","","","","","","","","","","","","","","","","","","","",""
"1540 Broadway, New York, NY 10036, USA","40.7582571","-73.9850313","northeast","40.75964722989273","-73.98379492010727","https://maps.gstatic.com/mapfiles/place_api/icons/shopping-71.png","9f6776e9380b8d7ae0d5978db32f3b7c8bd87aa8","Disney Store","True","2988","<a href=""https://maps.google.com/maps/contrib/106397074010517132923/photos"">A Google User</a>","CmRaAAAAoRCXhdMlwLOLqbqz3FWbluDvRzeatcIH6fmxlVOJK5NpfBXN5bKtwkrHWitXiYpBw_8EUtZmoALEMMr_NHbtNqpEhfzuh2THZz5OwaR5eonqdIB7lysES1Nk9qiATXrhEhDeCZyt2aSPRHR1n_nW99nXGhSEWeOeteZhZTgJYBNzNF88gDSFkg","5312","ChIJf2_0qFVYwokRcbTtlS60Vqg","Q257+8X New York","87G8Q257+8X","2","4.5","ChIJf2_0qFVYwokRcbTtlS60Vqg","clothing_store","store","point_of_interest","establishment","","","","","",""
"","","","southwest","40.75694757010728","-73.98649457989272","","","","","","","","","","","","","","","","","","","","","","","",""
