"results__formatted_address","results__geometry__location__lat","results__geometry__location__lng","results__geometry__viewport__|","results__geometry__viewport__|__lat","results__geometry__viewport__|__lng","results__icon","results__id","results__name","results__opening_hours__open_now","results__photos__height","results__photos__html_attributions__-","results__photos__photo_reference","results__photos__width","results__place_id","results__plus_code__compound_code","results__plus_code__global_code","results__price_level","results__rating","results__reference","results__types__001","results__types__002","results__types__003","results__types__004","status"
"New York, NY 10011, USA","40.7479925","-74.0047649","northeast","40.7588822","-73.9986873","https://maps.gstatic.com/mapfiles/place_api/icons/generic_recreational-71.png","72dc79d023feec77725d7336e7c46fee27805319","The High Line","True","2592","<a href=""https://maps.google.com/maps/contrib/104413772275542220722/photos"">Xerox Huiberts</a>","CmRaAAAACnP75GiplNn7hXOscPTvBtwQYROTh10IPJjVncFw2pfldssGMtMQgwe9PPFKTbWpEP8xKCiYRuYMn1kaVE55JteMYt0O0icONXV4NYX0I1Mg-mL_1QQrvu_MHXWrj01ZEhA9CwrVK3KEpbqh6jZae0tZGhTG6_U-trSVxg4rry36ncIbSW4bbg","3872","ChIJ5bQPhMdZwokRkTwKhVxhP1g","PXXW+53 New York","87G7PXXW+53","","4.7","ChIJ5bQPhMdZwokRkTwKhVxhP1g","park","point_of_interest","establishment","","OK"
"","","","southwest","40.73290899999999","-74.01141530000002","","","","","","","","","","","","","","","","","","",""
"30 Rockefeller Plaza, New York, NY 10112, USA","40.7591164","-73.9795433","northeast","40.76060112989272","-73.97802672010728","https://maps.gstatic.com/mapfiles/place_api/icons/generic_business-71.png","e05462d15e6f301386934e30734e0c6d39636b95","Top of the Rock","True","533","<a href=""https://maps.google.com/maps/contrib/111663211265313638147/photos"">PartilhadeViagens</a>","CmRaAAAA4fYfmHy60fMtkdCKOKBXw5frLnBGsh6Y8EaiGnxap4APwd6oLrLrAd6bQGowfBh-sEExoKy2TrF2-cz3n6LhGg-9q37o-W3uf-7sg3qaxjD0E-sd25ZQDbGKxzzelEcdEhAGwPv6GE5-bCBMJNHbDdCVGhQcZaRSMFWpq2kO51yDWbomCcB-yw","800","ChIJe7vKMf9YwokRIMYfDz7iF9o","Q25C+J5 New York","87G8Q25C+J5","","4.7","ChIJe7vKMf9YwokRIMYfDz7iF9o","point_of_interest","establishment","","",""
"","","","southwest","40.75790147010728","-73.98072637989273","","","","","","","","","","","","","","","","","","",""
"200 Park Ave 19th Floor, New York, NY 10166, United States","40.7534339","-73.97669209999999","northeast","40.75478372989271","-73.97534227010728","https://maps.gstatic.com/mapfiles/place_api/icons/generic_business-71.png","76dea99e2d7f869a92cbb79e3647c7af0318cb15","Things To Do In New York","","4032","<a href=""https://maps.google.com/maps/contrib/105094966030202252693/photos"">A Google User</a>","CmRaAAAAJ2x4X4-LocUf9o0qsB2PpfJNuADRHSSXKomxMEovG-xDMC7bEOZjfyAcpnbPCw983UmWrxSd9vPx4hR00y3NWCyV_gbE1ctiwAtWqWm5ZHAgUi4nopUv2LP_dZRHm53iEhCIYfnHdSbRWRmt9cKdYjcNGhS6gDmNzn-r27GLoTQUm_D4s_ejcw","3024","ChIJBw12GwJZwokRCoPEwRCi3G0","Q23F+98 New York","87G8Q23F+98","","3.5","ChIJBw12GwJZwokRCoPEwRCi3G0","point_of_interest","establishment","","",""
"","","","southwest","40.75208407010727","-73.97804192989273","","","","","","","","","","","","","","","","","","",""
"New York, NY 10004, USA","40.6892494","-74.04450039999999","northeast","40.71814749999999","-73.99872490000001","https://maps.gstatic.com/mapfiles/place_api/icons/generic_business-71.png","5a0d7e67078e35af0c456a277df9ffba7c1e4da6","Statue of Liberty National Monument","False","4000","<a href=""https://maps.google.com/maps/contrib/118347094200695188838/photos"">Franck W.</a>","CmRaAAAAcbxil3w2cdgU9nS4SZMAaoGpvNpGonPC7bpu4dUoNzIXnXvxqADGRQPjfuk1OKr14jRwUeDTuGvnsKiWLZIdfOQsuk54GjbY9cOnHKva4IE2N_yocmwPm1NH5Vd82zPfEhA1tYCK0zijXBj9uw95eMm9GhSJqSVYX27Ggg5ALXe7XLXuna3BoA","6000","ChIJPTacEpBQwokRKwIlDXelxkA","MXQ4+M5 New York","87G7MXQ4+M5","","4.6","ChIJPTacEpBQwokRKwIlDXelxkA","park","point_of_interest","establishment","",""
"","","","southwest","40.6796167","-74.05975889999998","","","","","","","","","","","","","","","","","","",""
"285 Fulton St, New York, NY 10006, USA","40.7133444","-74.0133677","northeast","40.71436417989273","-74.01215482010727","https://maps.gstatic.com/mapfiles/place_api/icons/generic_business-71.png","48cd459142d91a750ab1ac00141e799d2a7c1bfb","One World Observatory","True","1080","<a href=""https://maps.google.com/maps/contrib/114657768893829623003/photos"">Nikhil Mylarapu</a>","CmRaAAAAquBth7tCBJf1GJ-9MNJmdF8033CQHsUV8RREENa6GKmpQBH-b4E2JTAv_xbIcFVOAWy36_jUvScAvGNBD2XvXeDPuC2Bt8VrKv_Rn-gpDphLfRUEcKb_lxn-HZSBt1wQEhB76-6KOoIWensabfUCkLd4GhRjaEXs3nnyRStRlucjlFfgD8Xz-Q","1920","ChIJTWE_0BtawokRVJNGH5RS448","PX7P+8M New York","87G7PX7P+8M","3","4.6","ChIJTWE_0BtawokRVJNGH5RS448","restaurant","point_of_interest","food","establishment",""
"","","","southwest","40.71166452010728","-74.0148544798927","","","","","","","","","","","","","","","","","","",""
"180 Greenwich St, New York, NY 10007, USA","40.7114743","-74.0134432","northeast","40.71225617989272","-74.00964974999999","https://maps.gstatic.com/mapfiles/place_api/icons/generic_recreational-71.png","375f41aa9a1bff7c3766d2f5d80f21bd56487236","9/11 Memorial","True","3072","<a href=""https://maps.google.com/maps/contrib/107600558887520643440/photos"">Audrey Teo</a>","CmRaAAAANl4WGClvsIc0soO34TVsSosD5_OnHmfHgSNNLT4dBPMujsRWEUCRwRPgBn7e6kfD13-uX2hZX0whqG3kAFaik8O0vgRNkXNLANTV4Oc1EYCKsONW0srrcSFUEBCAplHtEhA2P0S_9gDeX_PDofkeYn0rGhR7TktkJ6VqfDqm2RVpVYuLKg2IzA","4608","ChIJRcvoOxpawokR7R4dQMXMMPQ","PX6P+HJ New York","87G7PX6P+HJ","","4.8","ChIJRcvoOxpawokR7R4dQMXMMPQ","park","point_of_interest","establishment","",""
"","","","southwest","40.70955652010728","-74.01589875000001","","","","","","","","","","","","","","","","","","",""
"1000 5th Ave, New York, NY 10028, USA","40.7794366","-73.963244","northeast","40.78025357989272","-73.96137637010729","https://maps.gstatic.com/mapfiles/place_api/icons/museum-71.png","f732f202150af1f14ae8a057a1014ceea6b33fc4","The Metropolitan Museum of Art","True","1361","<a href=""https://maps.google.com/maps/contrib/104310127545801734343/photos"">Soo Bin Yeo</a>","CmRaAAAA7QqcSsr705VGdFgR2lYKJx3k1N5c7HiiI2Gys2M6f1giNMhbaztnjZ0IYo_eKRGPjSr_znj8AizhbAL4_rSbMI77jjBNHEkhAS162DyKrKJuwFYliZ5TOAp5equq3MO1EhDZv806NLKPJr4N0o0nZ3PlGhQvaN26EqbuRCy25tm2jPFfoaLpKg","2048","ChIJb8Jg9pZYwokR-qHGtvSkLzs","Q2HP+QP New York","87G8Q2HP+QP","3","4.8","ChIJb8Jg9pZYwokR-qHGtvSkLzs","art_gallery","museum","point_of_interest","establishment",""
"","","","southwest","40.77755392010728","-73.96407602989272","","","","","","","","","","","","","","","","","","",""
"990 Washington Ave, Brooklyn, NY 11225, USA","40.6694113","-73.96237359999999","northeast","40.67077547989273","-73.96091417010727","https://maps.gstatic.com/mapfiles/place_api/icons/generic_recreational-71.png","01c3d364db2c0228e835480edc1204691a3b20a4","Brooklyn Botanic Garden","False","3265","<a href=""https://maps.google.com/maps/contrib/107640195641824876759/photos"">JON ANDER</a>","CmRZAAAAtaSy9YpdBrDxby_VCNCa3K8eQkvUgJ1mQssRzlcW6cOQHyfCelYg5AWiS09bwxbxrX_DRSuCETCt65dwcmGYZRO_1IfAzSnZi0w3z0c1OtUJwnPIpnu7l1WvIsgZcY14EhB4ZLKO6Ho3mol8CW3SejImGhSy4PS1P0yEiNvE__TgAIUNR3bBVQ","4898","ChIJwYu_aA5bwokR2lxjW-QvQlc","M29Q+Q3 New York","87G8M29Q+Q3","","4.6","ChIJwYu_aA5bwokR2lxjW-QvQlc","park","point_of_interest","establishment","",""
"","","","southwest","40.66807582010728","-73.96361382989272","","","","","","","","","","","","","","","","","","",""
"151 W 34th St, New York, NY 10001, USA","40.7508054","-73.9894432","northeast","40.75203967989272","-73.98817787010726","https://maps.gstatic.com/mapfiles/place_api/icons/generic_business-71.png","563011c420c40f6d47939cbaf10f2670ef2e29c4","New York Explorer Pass®","True","2048","<a href=""https://maps.google.com/maps/contrib/108632162618219809880/photos"">A Google User</a>","CmRaAAAAsdLEh-GD_YoB5UQsl1GTEzxxdKKf-InekWaf_5Kllht8iymJtnJeaAKhl_0oCIuZaRxf3sPNQ104kmujrer4aWc7aeMcrb8AChyBvxOF9xjnjz7mPmW-jGKpRZ1bEJY9EhBk1MbXDiOB0iMBtXVMyDSSGhRaVbTVtJ_ux_UYcJnOZQ_A7O0YtA","1536","ChIJs6UWAT1awokRQopDDN7vSwo","Q226+86 New York","87G8Q226+86","","4.6","ChIJs6UWAT1awokRQopDDN7vSwo","travel_agency","point_of_interest","establishment","",""
"","","","southwest","40.74934002010727","-73.99087752989271","","","","","","","","","","","","","","","","","","",""
"216 W 44th St, New York, NY 10036, USA","40.757584","-73.98699499999999","northeast","40.75899787989272","-73.98559902010727","https://maps.gstatic.com/mapfiles/place_api/icons/generic_business-71.png","22c5ab41a505113233d98ef454e1a9a91100f713","Gulliver's Gate","True","3036","<a href=""https://maps.google.com/maps/contrib/104819208193648646391/photos"">Gregor J. Rothfuss</a>","CmRZAAAAusjVGabzJmgDe7jPzPJDisDi5eaxCU5fM31oOhvsIlJ-tCmaGY6qsrXtUubSyENbjpCnPakMZv972YBSWevdCch5qQFVYmtqN2FbgZWeIN57ct5fY_m8_X7TTlnpglX0EhAsHOCZz6g0m7q10bVeliNZGhSWsuDUkt0kr0NWp5FP6JitYbxVEw","4048","ChIJB3jt8VRYwokR3usmhiCep0o","Q257+26 New York","87G8Q257+26","","4.6","ChIJB3jt8VRYwokR3usmhiCep0o","museum","point_of_interest","establishment","",""
"","","","southwest","40.75629822010728","-73.98829867989271","","","","","","","","","","","","","","","","","","",""
"Brooklyn, NY 11225, USA","40.6602037","-73.9689558","northeast","40.68326850000001","-73.9533333","https://maps.gstatic.com/mapfiles/place_api/icons/generic_recreational-71.png","4a94c7dcb6fa8e242c2e232acadaf1f05a0d4536","Prospect Park","True","3036","<a href=""https://maps.google.com/maps/contrib/117598321016351028068/photos"">Ryan Anders</a>","CmRaAAAA4iIXTAOtLlTXmfRQ2OgcPVeUjf11h7GOJwedz2hhY_6kU4UPsEuwm6E93vqmxM5r8SGMT8T-RM-VxbPR5ijaxZWrehSbgdDkRYoanO9pV6FWWASZ1KcfT9fBHPpuH4MXEhChU-EcYQeuLEXjUcZDRKa0GhSBDHdguu04kKqTiO26quPCGMEuvw","4048","ChIJQwRohxBbwokRmHrfAMb3ixc","M26J+3C New York","87G8M26J+3C","","4.7","ChIJQwRohxBbwokRmHrfAMb3ixc","park","point_of_interest","establishment","",""
"","","","southwest","40.6406205","-73.98822370000001","","","","","","","","","","","","","","","","","","",""
"405 Lexington Ave, New York, NY 10174, USA","40.7516208","-73.97550199999999","northeast","40.75289702989272","-73.97429957010728","https://maps.gstatic.com/mapfiles/place_api/icons/geocode-71.png","3457c605bb2ffc2b82b6b2fb097df9169c4e61b9","Chrysler Building","True","3265","<a href=""https://maps.google.com/maps/contrib/107644929768850600580/photos"">Antu Biswas</a>","CmRaAAAAUs6QtwN6UaKGEjf1w67i_iKiKwaYX7MXY__NpSxuqvhA9vi2u0B3kAG7Oq8mWiEVBnEoErkHrI8BnVkTAWIglUdLh7Se9TrHBd4mX_k6diX70RAiGVOSKZ9JWJsFF1aSEhCmwVhWc0Ecqe6LBsJ5ECfFGhQi4_q-qZKELBkb3d9S93mOWZkHMg","4898","ChIJeWPFRwJZwokRGD60OOo74RU","Q22F+JQ New York","87G8Q22F+JQ","","4.6","ChIJeWPFRwJZwokRGD60OOo74RU","premise","point_of_interest","establishment","",""
"","","","southwest","40.75019737010727","-73.97699922989273","","","","","","","","","","","","","","","","","","",""
"1 E 70th St, New York, NY 10021, USA","40.771209","-73.96739909999999","northeast","40.77240572989272","-73.96604297010727","https://maps.gstatic.com/mapfiles/place_api/icons/museum-71.png","87e936eb75a829e0363d510c2060a6621f83f9c7","The Frick Collection","True","3024","<a href=""https://maps.google.com/maps/contrib/103249646112598020474/photos"">Liduo Luo</a>","CmRaAAAAcraJ4bD334g2ZVxf5Zp77WUeADVjJ17JjatfGbWdegwelHgyJv5buu5BQKxmeKTDJn5gxmWjHyAfr1eeHUdRKDiuwxzvlBRCXJfQCkxlDKM6asTInQSi3Drb_OAKWS9sEhBbcah7VFpe7gI-mybGIEMQGhTsVechtirpgfBtRw9wSW37KIVvcw","4032","ChIJHRH97uxYwokR6CBeDyn1jtg","Q2CM+F2 New York","87G8Q2CM+F2","2","4.6","ChIJHRH97uxYwokR6CBeDyn1jtg","museum","point_of_interest","establishment","",""
"","","","southwest","40.76970607010727","-73.96874262989272","","","","","","","","","","","","","","","","","","",""
"Chelsea Piers, Pier 61, New York, NY 10011, United States","40.7479504","-74.01074349999999","northeast","40.74930022989272","-74.00939367010727","https://maps.gstatic.com/mapfiles/place_api/icons/generic_business-71.png","2b586174dfaf0d14d821e0fc525ebacd619ba967","Spirit of New York","True","5586","<a href=""https://maps.google.com/maps/contrib/103908798720077177202/photos"">Spirit of New York</a>","CmRaAAAAZBzC0iiWAz4Wx36CGodK_7Vz8Ku94p37t6Hi8OFog2LGMHQNMbptWmseC15KBY2vskVmhMnXNlvZz0eoFyQgbqh5IGka2EKRqd9PbcC4Ipb9wkGq9zfgfJ15D00slU9JEhBtA7ynPRVLPBpecGkirzgxGhRXGk5pJWNgpItkZsgGJ6NtDZIM5w","7680","ChIJ9f8YY6RZwokRkxx9usQ_vno","PXXQ+5P New York","87G7PXXQ+5P","","4.4","ChIJ9f8YY6RZwokRkxx9usQ_vno","restaurant","point_of_interest","food","establishment",""
"","","","southwest","40.74660057010728","-74.01209332989271","","","","","","","","","","","","","","","","","","",""
"New York, NY 10004, USA","40.7032775","-74.0170279","northeast","40.7065562","-74.01239500000001","https://maps.gstatic.com/mapfiles/place_api/icons/generic_recreational-71.png","58fc4a0c3ef0ffc426a52c0ea131e1bd7b8d7084","Battery Park","","1080","<a href=""https://maps.google.com/maps/contrib/112651321989452573372/photos"">Lisey Grisel</a>","CmRaAAAAxyaPnBWK2mYueAT4SFmNH5BHnUe5V__8JbCzZT5Wv-81yyHBwObMNCAn8xRFl155lQPW6eN_Klf4AK-OON8bwnE1ctUS9GaMOQChV2zMDdsxobPkmLg8Lp9Hb6yXDtvSEhCWVCdtJpFopHn8yDcLFa7kGhREZp170jFz-UMnZJYdmJt7TYFl7A","1920","ChIJraKL-BJawokREpxDmF5GcL4","PX3M+85 New York","87G7PX3M+85","","4.5","ChIJraKL-BJawokREpxDmF5GcL4","park","point_of_interest","establishment","",""
"","","","southwest","40.6995454","-74.0186978","","","","","","","","","","","","","","","","","","",""
"2300 Southern Blvd, Bronx, NY 10460, USA","40.8505949","-73.8769982","northeast","40.86110289999999","-73.86736774999999","https://maps.gstatic.com/mapfiles/place_api/icons/generic_business-71.png","3ee4872ae045fe0d1b5d37525e0dd63ba4462540","Bronx Zoo","True","4000","<a href=""https://maps.google.com/maps/contrib/109077120766404962053/photos"">Glauco Malek</a>","CmRaAAAAXZg75vZPp2f-5ABqiOl0ZZpR2fyq2_YR6TvTAwtFrCnEok8MHU5wXBZkJf6qUSIE6p_bQAJLZ-EWkNi6kIwvPmKELt4n4fakz1Mjbmf5NvxHZvN0Tk6iST5Uk3SG5OJjEhCqZkP8zrsE5N--Xzn0im1DGhS03YuiP0PlXkCpMUy2SFyovEbkpA","6000","ChIJi9JqUYP0wokRLhCVlxy0bgU","V42F+66 New York","87G8V42F+66","","4.5","ChIJi9JqUYP0wokRLhCVlxy0bgU","zoo","point_of_interest","establishment","",""
"","","","southwest","40.83834530000001","-73.88760074999999","","","","","","","","","","","","","","","","","","",""
"420 W 14th St fl 2, New York, NY 10014, USA","40.741231","-74.00670099999999","northeast","40.74268727989271","-74.00527157010728","https://maps.gstatic.com/mapfiles/place_api/icons/museum-71.png","17253081513d270bd6adadb81be8931fe65ba9ef","Ground Zero Museum Workshop","False","3678","<a href=""https://maps.google.com/maps/contrib/106509106254142057325/photos"">Ground Zero Museum Workshop</a>","CmRaAAAANQ8xeUV4vxIt5yJycQvRFqqtkE4hO0QxAwfkdSCm0cxAaWRnrwrs35avF7DPbeHP6H2fF8wAPhI0qLxxoATO5GF4Y5YIr_jgL1Gt3euJu6YPLmqTB8RnWPcAUKwleRzIEhCROvW_hth_0w1N08KWZJATGhQXOJ0bK03gGQnRRwwFCWOlFniVfw","9328","ChIJVdeFgMBZwokR6O7aBJFn0g4","PXRV+F8 New York","87G7PXRV+F8","","4.5","ChIJVdeFgMBZwokR6O7aBJFn0g4","museum","point_of_interest","establishment","",""
"","","","southwest","40.73998762010727","-74.00797122989273","","","","","","","","","","","","","","","","","","",""
"290 Broadway, New York, NY 10007, USA","40.7145049","-74.00439729999999","northeast","40.71590177989272","-74.00232604999999","https://maps.gstatic.com/mapfiles/place_api/icons/museum-71.png","e2db8abe6e68bf497b20ce0df15c8e0a0709ad86","African Burial Ground National Historic Monument","False","2988","<a href=""https://maps.google.com/maps/contrib/100228428899623583609/photos"">Chris Polimeni</a>","CmRaAAAAwTbgm6Mie_hzfQXGAwKVxbklGPkXk7h45tS_rugZfPfQhJ516gBAPq9BZMdGCVjU9k7nMslTqYhjx42tT9Gk1xwWEHw2xX5MpCv56TRI1SCc-D6r9QXLyw95fV8JxXQNEhBOZV6rJsFNIkJg5YcP8d5DGhQ7lDY7ZZyrJwUkxnBj5yq7M6v4GA","5312","ChIJM3a4kCFawokRDRxdeYJQgnE","PX7W+R6 New York","87G7PX7W+R6","","4.6","ChIJM3a4kCFawokRDRxdeYJQgnE","park","point_of_interest","establishment","",""
"","","","southwest","40.71320212010728","-74.00663624999999","","","","","","","","","","","","","","","","","","",""
"10 South St, New York, NY 10004, USA","40.6919879","-74.01599499999999","northeast","40.69333772989273","-74.01464517010727","https://maps.gstatic.com/mapfiles/place_api/icons/museum-71.png","e2568410beb651c76959c8c706e1d771fc316fa9","Governors Island National Monument","True","1836","<a href=""https://maps.google.com/maps/contrib/106999082151041769304/photos"">Melanie Hughes</a>","CmRaAAAAYLrWRdlkFkm8P_9_NcLro1eC2Pe7QKzlastF1YGy1ygU0dK3LRbVpPSmTKKnPoQ182y66fR0pC-ZNiOHIlEEo7KaqJ06eRJOL7YLm-qvaVJntSNvpvsLoOJxPQnFHh0yEhAP-kTcEqDhcIEF_BmcNa0eGhRQBvJ2aXBSIuwaZ0WbvWBezhnAEQ","3264","ChIJ2_ey6W9awokRxng4fzLDbPo","MXRM+QJ New York","87G7MXRM+QJ","","4.6","ChIJ2_ey6W9awokRxng4fzLDbPo","point_of_interest","establishment","","",""
"","","","southwest","40.69063807010728","-74.01734482989271","","","","","","","","","","","","","","","","","","",""
"26 Wall St, New York, NY 10005, USA","40.7073993","-74.0102088","northeast","40.70866077989272","-74.00893902010728","https://maps.gstatic.com/mapfiles/place_api/icons/museum-71.png","b3fe6301d045106e1267fae5357e6f2aaab812f8","Federal Hall","True","1362","<a href=""https://maps.google.com/maps/contrib/100748756724978998391/photos"">JPB Auteur</a>","CmRaAAAAHWDzwRuA343stPjaoAthsLjTFB9WZ78l31ED9M6pmWhhCGrttE_ql_MybfxVsdkblBB8zBmZV_5va6ADJX8WcSIoAq-8cT0_CD69EyIimuCESIew9B-GW8lth5spmCjmEhCns30fiXYDHZ8wrEy82YN6GhQuFSc4r_hqSdSxPMnoaFNmXSAVoA","2048","ChIJAaIFAxdawokR8txc3YPbD3A","PX4Q+XW New York","87G7PX4Q+XW","","4.4","ChIJAaIFAxdawokR8txc3YPbD3A","museum","point_of_interest","establishment","",""
"","","","southwest","40.70596112010728","-74.01163867989273","","","","","","","","","","","","","","","","","","",""
"234 W 42nd St, New York, NY 10036, USA","40.756427","-73.988834","northeast","40.75792942989271","-73.98737267010726","https://maps.gstatic.com/mapfiles/place_api/icons/generic_business-71.png","dfaabcd3d76c46067543ffefab4730c4884f4006","The New York Pass®","True","740","<a href=""https://maps.google.com/maps/contrib/100715142409336710269/photos"">The New York Pass®</a>","CmRaAAAA1i8k64UWVi8uSAqeEPpBpE0GNDfK6Tean5GRSs8kU3gvwFIzhJMFEL6fy7cYcmLs2aRW7MKZRzVpix-PU3k5ICYmYXmAu8KQCGOu6gAN9QswOfBGnlsMEbdGZgF_iLqCEhAeDADMKbevGevLBDx4SopgGhSZ0V46ybLYc7cJw1f6z8Tno4eDqA","1200","ChIJ5-oA5v9YwokRNaOTR_aua14","Q246+HF New York","87G8Q246+HF","","4.2","ChIJ5-oA5v9YwokRNaOTR_aua14","travel_agency","point_of_interest","establishment","",""
"","","","southwest","40.75522977010727","-73.99007232989271","","","","","","","","","","","","","","","","","","",""
"Chelsea Piers, Pier 61, New York, NY 10011, United States","40.7474567","-74.00943989999999","northeast","40.74880652989272","-74.00809007010727","https://maps.gstatic.com/mapfiles/place_api/icons/generic_business-71.png","2b538434d1e49874ff6731a58c62894dfb11cf2d","Bateaux New York","True","1349","<a href=""https://maps.google.com/maps/contrib/116469320157452642858/photos"">Bateaux New York</a>","CmRaAAAAgX6bdZEFDBDFeMlK0VtKsonYt2BxvEk0LvDIojRcksdnbkx_LftuWEnOSujKUlJpfEhd1tdB0nrDmXz7YG91qV_KgMiXtXyDdSCAHl1Tz4Ax9wupcyLjXtl_biuoTim2EhDHQYR-05hWTCKEkE5_g6GCGhTsFJL9SowKNirEknN4SV2rjyPgOQ","2048","ChIJeSRQJLtZwokRX_b4Us3l72c","PXWR+X6 New York","87G7PXWR+X6","4","4.5","ChIJeSRQJLtZwokRX_b4Us3l72c","restaurant","point_of_interest","food","establishment",""
"","","","southwest","40.74610687010728","-74.01078972989271","","","","","","","","","","","","","","","","","","",""
"New York, NY 10012, USA","40.7308228","-73.997332","northeast","40.7333674","-73.99379465","https://maps.gstatic.com/mapfiles/place_api/icons/generic_recreational-71.png","b0df149329a0f6a4006cc5328e3d42acadaf1b4f","Washington Square Park","True","433","<a href=""https://maps.google.com/maps/contrib/118285160021760966705/photos"">issepe</a>","CmRaAAAAaQkzfcae8rKWWNGFmiv1UX1iXYiGg45Z9Ey3JJN8NlqwPEvqOjUeRXrVEN6LfnNepOHELEsSAwa842A1fiAAh9PmZAz-D3olACmg7abMfOWA7-l4Pr7AzHPftJOenH62EhCRnhie93f5L9osNGWj_LOJGhQuEda6WVjSubpCfGVHsrbQkxG_gA","650","ChIJjX494pBZwokRGH620d9eYfo","P2J3+83 New York","87G8P2J3+83","","4.6","ChIJjX494pBZwokRGH620d9eYfo","park","point_of_interest","establishment","",""
"","","","southwest","40.72847220000001","-74.00132524999999","","","","","","","","","","","","","","","","","","",""
"99 Margaret Corbin Dr, New York, NY 10040, USA","40.8648628","-73.9317274","northeast","40.86883055","-73.92387369999999","https://maps.gstatic.com/mapfiles/place_api/icons/museum-71.png","8edf774a665aeb294a6d6cf8df4405f4824f7e4f","The Met Cloisters","True","3265","<a href=""https://maps.google.com/maps/contrib/100211564638436183284/photos"">Paola Barja</a>","CmRaAAAAP8Tjk7QWiZghkxTSA9c3LYVlfWgUsvteBJwrgrnVqECR2RMn3NnW0TzecdkoAGDY7hyWsoHvkh_cipYebRxpbomhh-n6PYyL-R5ljrqW4uLD7YJxHUwoBZZJ10ki2_nMEhCzzmaGtWhwCmSLtXzpqz7dGhRbbArZtDLmGX-SXpKQCzzuUQfNmg","4898","ChIJK6bycAH0wokRrSnflfrnkZE","V379+W8 New York","87G8V379+W8","","4.7","ChIJK6bycAH0wokRrSnflfrnkZE","museum","point_of_interest","establishment","",""
"","","","southwest","40.85569635000001","-73.9374629","","","","","","","","","","","","","","","","","","",""
"334 Furman St, Brooklyn, NY 11201, USA","40.6995399","-73.9973777","northeast","40.70832725","-73.99176510000001","https://maps.gstatic.com/mapfiles/place_api/icons/generic_recreational-71.png","82a3fefae28d96a965db2a0ae55430d26e6a1a8e","Brooklyn Bridge Park","True","2304","<a href=""https://maps.google.com/maps/contrib/107331136353918577513/photos"">Timothy Whittaker</a>","CmRaAAAAz182lx2fvbVmBT19drqL-V2yUGlLiy1F30SK4ktczzobc32nV7FtGzf3c_9jjuPtCndioEmHpuifhhhjmXRc_G6NRydvPZHtpbVpHc7yPdbDmK-yP9fe9Dy1sUWb1lRmEhBAFfMtkpJnC18S9TbJd5wXGhSes7jA8jerzrW8uuJhtMcyJ_IN_Q","3456","ChIJjaFpo0ZawokRBcOFUZ13CaE","M2X3+R2 New York","87G8M2X3+R2","","4.7","ChIJjaFpo0ZawokRBcOFUZ13CaE","park","point_of_interest","establishment","",""
"","","","southwest","40.68681704999999","-74.00371349999999","","","","","","","","","","","","","","","","","","",""
"33 E 17th St, New York, NY 10003, USA","40.7372373","-73.9893388","northeast","40.73836962989272","-73.98815197010728","https://maps.gstatic.com/mapfiles/place_api/icons/generic_business-71.png","452fee64be7d9e42751265842ada12b534d33ebe","Take Me Out NYC","True","750","<a href=""https://maps.google.com/maps/contrib/110626691440313245041/photos"">G CH</a>","CmRaAAAAgPp62qzD-Z-9kyR4kh4B4aRKRMtTZCHtLNhnzhKLK_hbdse4D59zMDvqpkFrDRa82lerETspxX8n5XnaHZEDVWFoQhyxm70NYnzX-Vpy6h8ECcD9dpPoKtkgc-WOp02QEhCgHzuEViH2MNaMBQJ7oAPVGhS0NgBZ87JXQ90aD7i931tyueKCSQ","1334","ChIJKRYZJ4hYwokRN3UH2hMcVQ4","P2P6+V7 New York","87G8P2P6+V7","","4.5","ChIJKRYZJ4hYwokRN3UH2hMcVQ4","point_of_interest","establishment","","",""
"","","","southwest","40.73566997010728","-73.99085162989273","","","","","","","","","","","","","","","","","","",""
"278 Spring St, New York, NY 10013, USA","40.7255619","-74.006935","northeast","40.72689642989271","-74.00546642010727","https://maps.gstatic.com/mapfiles/place_api/icons/museum-71.png","db0e9b3dd113a92a157474fe93d01d9c705ba2ee","New York City Fire Museum","True","3024","<a href=""https://maps.google.com/maps/contrib/117136657736966148728/photos"">Sapna Mehta</a>","CmRaAAAACBoKk3NY18S6ATV4HwwlD-dNPXmzTrS0GTi-u_jhS9Y9ZhUEBrLkKXBHo7V1IncXVAHEyclrO1qeZlNfCSouYu7HUfcJkANTAaZ-HaHEgqeF2vS6DWDhSHZGRS5S8ItKEhBe7MOiws0ZvVsBxY0lHQ31GhSmJiZ-x5oeuW0OjMmY_BB-1rGoHA","4032","ChIJsblxMfNZwokRBLOhQZRjwtE","PXGV+66 New York","87G7PXGV+66","","4.4","ChIJsblxMfNZwokRBLOhQZRjwtE","museum","store","point_of_interest","establishment",""
"","","","southwest","40.72419677010727","-74.00816607989272","","","","","","","","","","","","","","","","","","",""
"103 W 55th St, New York, NY 10019, USA","40.763342","-73.9783013","northeast","40.76459897989272","-73.97701902010728","https://maps.gstatic.com/mapfiles/place_api/icons/generic_business-71.png","10ac18f3fee3112212794770d2fa45e4b1821a50","Manhattan Skyline","True","2448","<a href=""https://maps.google.com/maps/contrib/111845311566869604244/photos"">jorge coronel</a>","CmRaAAAAcnN7zLCPGEexw4ugBeISW1VMyKngRrC64maSx3061FJEjC5l6uRUO_1WHsJ9aFlVsLV6Hjw3-gaOQN15V63jT91JfV8d6woMtDK6-jd9LahXG_Znki0MSz6ICS3vfxU0EhB2QzlFOMfmj-hZLHKtRLz6GhROOu4kXuvg3cq0peTjyARKK0DsZg","3264","ChIJbRAuwPlYwokR829KR7QQLVI","Q27C+8M New York","87G8Q27C+8M","","4.6","ChIJbRAuwPlYwokR829KR7QQLVI","real_estate_agency","point_of_interest","establishment","",""
"","","","southwest","40.76189932010728","-73.97971867989271","","","","","","","","","","","","","","","","","","",""
"Riverside, Dr To Broadway, New York, NY 10040, USA","40.8625608","-73.93129949999999","northeast","40.86391062989272","-73.92994967010728","https://maps.gstatic.com/mapfiles/place_api/icons/generic_recreational-71.png","3be27507240fd2843d3a9fbb6dde4b0f70b2b64d","Fort Tryon Park","True","3024","<a href=""https://maps.google.com/maps/contrib/103344323982989326838/photos"">Russell Stambaugh</a>","CmRaAAAAsNN3sAoB5X-yjnYPN3fIrBNcwhO9OPDsRP_E2ndQYA_qgxtV-IWKvGv98g_iwhT_BXVZv7aokVufoSO4aeMUhdYpFk4TQo8gidfX2-sQ1FRuKhw5xXu1u-ysIjjkFsLBEhCEXr5qekThvUSsR3oMiK04GhTjhHWW-nVldhJwzKt8HlLaaf-H1g","4032","ChIJTZ18cAH0wokR1HfVR86mzEA","V379+2F New York","87G8V379+2F","","4.7","ChIJTZ18cAH0wokR1HfVR86mzEA","park","point_of_interest","establishment","",""
"","","","southwest","40.86121097010728","-73.93264932989271","","","","","","","","","","","","","","","","","","",""
"11 Madison Ave, New York, NY 10010, USA","40.7420371","-73.98756349999999","northeast","40.74409214999999","-73.98618055","https://maps.gstatic.com/mapfiles/place_api/icons/generic_recreational-71.png","abd931421034043d086a5e1ad376a68b064a5f57","Madison Square Park","True","3024","<a href=""https://maps.google.com/maps/contrib/102076066036781981476/photos"">Angelina Wagner</a>","CmRaAAAALlTmJWRBVqtC_0lxv1OWtyVcEprghxy6FXLzy_qpld_jgUMcnexIFjGaRZzxSTZAqr8pOnafixQzi3XrY90gFT3VwvLd96N11SA65Qi80Dr4A7W_Lfe2yTDS-krwS2A8EhDhtfsNOwYLnqgTxUZltYQsGhTSl7SNqukfyLuTEuunwTB6AS8ZeQ","4032","ChIJp32RvaZZwokRfH0Zgzl9mXk","P2R6+RX New York","87G8P2R6+RX","","4.6","ChIJp32RvaZZwokRfH0Zgzl9mXk","park","point_of_interest","establishment","",""
"","","","southwest","40.74071195000001","-73.98982275","","","","","","","","","","","","","","","","","","",""
"103 Orchard St, New York, NY 10002, USA","40.7187958","-73.99006969999999","northeast","40.72023837989272","-73.98863987010728","https://maps.gstatic.com/mapfiles/place_api/icons/museum-71.png","bf04c672d6730db2dc6a68816bbc53eb870c993a","Tenement Museum","True","598","<a href=""https://maps.google.com/maps/contrib/113719639442868633401/photos"">Ashley Hughes</a>","CmRaAAAAgRXXDClOX7jZGTOJvqF0NoR7K-to3IZM3Fp1PCwIc_ChaMjfTKsi6DgcrD3o00FMF6nnhy14eRryUHSEdxl_Qg27xMsSZDLaRusOqZcRbjzjrGrhDJN8fWbQ3R1_syiIEhAbAPa74BX4AE2Ka3x1ZQtLGhRQWp98eczvPt_-PN9qMdxKgk62xg","900","ChIJ20bVJYdZwokRhI7esP3mYM0","P295+GX New York","87G8P295+GX","","4.6","ChIJ20bVJYdZwokRhI7esP3mYM0","museum","point_of_interest","establishment","",""
"","","","southwest","40.71753872010728","-73.99133952989271","","","","","","","","","","","","","","","","","","",""
"36-01 35th Ave, Astoria, NY 11106, USA","40.7563454","-73.9239496","northeast","40.75755497989272","-73.92267382010728","https://maps.gstatic.com/mapfiles/place_api/icons/museum-71.png","a009daab612d086d65db9905e5d7fdc61dbb22da","Museum of the Moving Image","True","1365","<a href=""https://maps.google.com/maps/contrib/115838652329348929494/photos"">Museum of the Moving Image</a>","CmRaAAAAsmYr4HVgm4yjA3NpBygoclDkK8jO6SNbXHm3_KhhxepMfNIbsh4uEZ8M1qP899M8htRhQ5MA29oQYDyrv33yDf5jSZ-K-qIWkrw84KLaaIhkGN5nk0HI2NPZJNEeDE3BEhDeSihAYEIlzV6Yb_yU_SzlGhQ71pA4kw5eLQleqU01zko4vH360Q","2048","ChIJAx_yUCVfwokRQ2xEBIWV21g","Q34G+GC New York","87G8Q34G+GC","","4.6","ChIJAx_yUCVfwokRQ2xEBIWV21g","museum","point_of_interest","establishment","",""
"","","","southwest","40.75485532010727","-73.92537347989271","","","","","","","","","","","","","","","","","","",""
"Pier 81 W 41st St, New York, NY 10036, USA","40.7617513","-74.0024155","northeast","40.76286727989272","-74.00084477010728","https://maps.gstatic.com/mapfiles/place_api/icons/generic_business-71.png","641790934d4f6f731fb42f5a2378e06d706f255d","World Yacht","True","600","<a href=""https://maps.google.com/maps/contrib/115634706488744488516/photos"">World Yacht</a>","CmRaAAAA4Mqibo9ynY4tlmRHf-V7DP2AA-LearAhyQ6Q1dmCA3mWDjU2YsqH2eyoFsQkaduRFrKbJOkLy1LgQqeHN3mV7jopfCeulLrVanfdLnwUeRo63nnVhPUsJ5CBw7SXcMkAEhDghKWQ6xjc7mlqtu2CV7HHGhSSiGBMWKGnRnsTyuHv1OF8l0o1mQ","900","ChIJczFOwKpZwokR_ZP4uFRPmSQ","QX6X+P2 New York","87G7QX6X+P2","2","4.5","ChIJczFOwKpZwokR_ZP4uFRPmSQ","point_of_interest","establishment","","",""
"","","","southwest","40.76016762010727","-74.00354442989273","","","","","","","","","","","","","","","","","","",""
"Washington Square North, 5th Ave, New York, NY 10003, United States","40.731242","-73.997147","northeast","40.73269217989272","-73.99571607010728","https://maps.gstatic.com/mapfiles/place_api/icons/generic_business-71.png","082f44ae04b96c0aa34274005aa2511e772bc0cb","New York Ghost Walk","","427","<a href=""https://maps.google.com/maps/contrib/104649143521841034847/photos"">Prince Francis T J</a>","CmRaAAAAqHIIdB6wfN8w8d7E-id7qlHLWP9oOLICs5Yx0xoPemgTfwmjZKGm86uFD9QiMW46eyLRt73KDVkm8NO36nMTa_OMWuQlQUV2CUwwM2rEIy9lpuB5BPvj4kx1KcmpQelcEhDWBvG_vsPhYuMKt-lbpy9hGhR36atFtYyiWTDeBjvYpH3LMg-HHA","640","ChIJmxyg3ZBZwokR1nlwFk2013M","P2J3+F4 New York","87G8P2J3+F4","","4.5","ChIJmxyg3ZBZwokR1nlwFk2013M","point_of_interest","establishment","","",""
"","","","southwest","40.72999252010727","-73.99841572989271","","","","","","","","","","","","","","","","","","",""
"500 25th St, Brooklyn, NY 11232, USA","40.65807789999999","-73.9948493","northeast","40.65942772989271","-73.99349947010728","https://maps.gstatic.com/mapfiles/place_api/icons/cemetery_grave-71.png","3ae50abe82432383d7f6a850e7798c44d7c7e818","Green-Wood Cemetery","True","906","<a href=""https://maps.google.com/maps/contrib/104596856248078658268/photos"">Rouslan Valonen</a>","CmRaAAAAwY5FX3-_Q8-ac4M2vmnjrvg_tDz_IOPYSXv49-4wMm7tM3S7JzEnUf-RiCMOIbvXpPwNuHzXvilGSZ0PUZdrYfKcvz-GbJNfFbI_cCbjJjojGBzfUI7P5KiJmiYlovYfEhD52lKKap2kt-lUwWbofbf0GhRCn5oxKNBoGkqjlastrjGRpnjwRg","1280","ChIJ5wpCzsJawokRZ_zEIYKrf60","M254+63 New York","87G8M254+63","","4.6","ChIJ5wpCzsJawokRZ_zEIYKrf60","cemetery","point_of_interest","establishment","",""
"","","","southwest","40.65672807010727","-73.99619912989272","","","","","","","","","","","","","","","","","","",""
"New York, NY, USA","40.8012339","-73.9723096","northeast","40.83677995","-73.94689559999999","https://maps.gstatic.com/mapfiles/place_api/icons/generic_recreational-71.png","20a7fef51e1c17598e54bbc01afcdac90246caec","Riverside Park","True","1836","<a href=""https://maps.google.com/maps/contrib/104226241403642891153/photos"">Elie DARMON</a>","CmRaAAAAgONuWtqs4OjiLyVwQ5DOAlA5CaEDChp565mu4HF8RMrlV6NbND681UrdeWI2r63QXx6DPv-osufrvdZzS909Mzn5u_MnKsCdUVKoCBTxZCRpJSnZtod0E80fbYdLrdVwEhCG__H1xQNmk8HsYgJUqCaeGhStzXuoB0FtB8OEpxFlwo9wfupXcw","3264","ChIJL1DP2C72wokRh3Lfn4T0Z3w","R22H+F3 New York","87G8R22H+F3","","4.6","ChIJL1DP2C72wokRh3Lfn4T0Z3w","park","point_of_interest","establishment","",""
"","","","southwest","40.76173295","-74.00177000000002","","","","","","","","","","","","","","","","","","",""
"Queens, NY, USA","40.73971359999999","-73.840785","northeast","40.767982","-73.81444354999999","https://maps.gstatic.com/mapfiles/place_api/icons/generic_recreational-71.png","45542707aa19f452cae27cc2254f5362ec558ce9","Flushing Meadows Corona Park","True","4000","<a href=""https://maps.google.com/maps/contrib/117869922377440731052/photos"">Rafał Ignaszewski</a>","CmRaAAAA9VwZNmKiZb5xZuyiX5Gn2ivt-wPAlh86t8G2z0jtRGlyAdAYnA7c6dVm2jE4ml2lozXYty6byiZNJURGJv7_ctQsOkTEkngXtz_D0iubbk8iVt4s3h6bQktA-gYkyMtsEhAPpACQI5LJq0LrEHXAjYVGGhTl_eFPwZmxvWV0M3myGHw1PSvoLg","6000","ChIJ-2Yhwn9gwokR4Wwy6GgsPRM","P5Q5+VM New York","87G8P5Q5+VM","","4.5","ChIJ-2Yhwn9gwokR4Wwy6GgsPRM","park","point_of_interest","establishment","",""
"","","","southwest","40.7067832","-73.86537014999999","","","","","","","","","","","","","","","","","","",""
"1071 5th Ave, New York, NY 10128, USA","40.7829796","-73.9589706","northeast","40.78443592989273","-73.95776212010728","https://maps.gstatic.com/mapfiles/place_api/icons/museum-71.png","aa09742d854b00192daed833e2a56750587e8185","Solomon R. Guggenheim Museum","False","518","<a href=""https://maps.google.com/maps/contrib/103418875614877587117/photos"">Achilleas T.</a>","CmRaAAAAUX8O7QUPnwMj4RfEa7ZBwqqMLWfZva0E5xpEzIzzBWZPON51B8qgW3gXEVXTRoHcQrpFy1H6QqHzO0raQGxS2-GDesjrPAcTffvPV8LV3dGl6S_j07PHDM60RbIo3ddiEhD-1auhfZqq66fwDo6c9c31GhSDDrrLISwdQfs7VaTgt0_EuopgJw","778","ChIJmZ5emqJYwokRuDz79o0coAQ","Q2MR+5C New York","87G8Q2MR+5C","","4.3","ChIJmZ5emqJYwokRuDz79o0coAQ","museum","point_of_interest","establishment","",""
"","","","southwest","40.78173627010729","-73.96046177989271","","","","","","","","","","","","","","","","","","",""
"1 FDR Four Freedoms Park, Roosevelt Island, NY 10044, USA","40.7508076","-73.9604123","northeast","40.75251657989271","-73.95863917010728","https://maps.gstatic.com/mapfiles/place_api/icons/generic_recreational-71.png","7a967e503984bdfdbf3786a879794777ae4e29ea","Franklin D. Roosevelt Four Freedoms Park","True","3024","<a href=""https://maps.google.com/maps/contrib/108264770939890855752/photos"">Stuart Smith</a>","CmRaAAAAqYWxUaTnnbvpl_43SYm5B6eyOVVe0hcQtUer2pIK4NO0Pjie7_v4yhqIeMU_pvMiEGtQwz5Uwu2CtJD-wq_A8KNaycKlQbiNUXg8RyyTX9P8IWcRQCSxYfvVrQrwYSDkEhAu4pXM5EOOCJ3Ip5fK9HIoGhSjfTikjPQzA3n5N6kCYYsWkyuvZw","4032","ChIJRUgJkx9ZwokR6W8mnGZVcl0","Q22Q+8R New York","87G8Q22Q+8R","","4.6","ChIJRUgJkx9ZwokR6W8mnGZVcl0","park","point_of_interest","establishment","",""
"","","","southwest","40.74981692010727","-73.96133882989272","","","","","","","","","","","","","","","","","","",""
"20 Waterside Plaza, New York, NY 10010, USA","40.7373449","-73.9739237","northeast","40.73871022989271","-73.97261127010728","https://maps.gstatic.com/mapfiles/place_api/icons/generic_business-71.png","97a5e8c704518489513723554585cfb1c0e8a3ab","Club Free Time","","720","<a href=""https://maps.google.com/maps/contrib/103169456367572504906/photos"">Robert Santorelli</a>","CmRaAAAAbwcBdSKk5c7L7Aw3Dh8G_h3sVMN7QR5lr72yiMn4HbSwt1o8fQPaEE9woOPBsLZBZqPBDmAA7c81ZGp9Tvbr-nsIQk1HAKxKFbvc_93S98jDfa-XkG4pKYW8vV0EIqO9EhA_6BNOcbW1ZqegwGUcuFXlGhSFzUKTh9BUZCHJfOfsWIZQNGg2aQ","960","ChIJ0fr6tg1ZwokRCo2-vKoTUT8","P2PG+WC New York","87G8P2PG+WC","","3.6","ChIJ0fr6tg1ZwokRCo2-vKoTUT8","point_of_interest","establishment","","",""
"","","","southwest","40.73601057010727","-73.97531092989273","","","","","","","","","","","","","","","","","","",""
"5th Ave, New York, NY 10022, USA","40.7584653","-73.97599269999999","northeast","40.75987907989272","-73.97453295","https://maps.gstatic.com/mapfiles/place_api/icons/worship_general-71.png","acf24f96362bdabb64807f6c17cba8bb1d5b738a","St. Patrick's Cathedral","True","3264","<a href=""https://maps.google.com/maps/contrib/105617884677656219866/photos"">Daniel Widmer</a>","CmRaAAAAm8GYwFsPq-JviuMd9Npr6PGoc73TkU42w0zs9_UrXu1iEC3O8-fLkbQoABUeWOnKkesMYhBXdPtdPx_PKdbnqvjtocoYIPyOvOc-YDJVy-mrbJi8g6vIEUQFlWGfowPcEhBLxrIsF1zUQFqZwzbFsT6lGhSCQyY9AYt5q_v7gQwFnQ8P76x7AA","4912","ChIJUW4vEPxYwokRW6o24DU0YIg","Q25F+9J New York","87G8Q25F+9J","","4.8","ChIJUW4vEPxYwokRW6o24DU0YIg","church","place_of_worship","point_of_interest","establishment",""
"","","","southwest","40.75717942010727","-73.97777435","","","","","","","","","","","","","","","","","","",""
"20 W 34th St, New York, NY 10001, USA","40.7484405","-73.98566439999999","northeast","40.74970827989272","-73.98392452010728","https://maps.gstatic.com/mapfiles/place_api/icons/generic_business-71.png","bc232d2422e7068b2a2ffb314f02e3733dd47796","Empire State Building","True","3480","<a href=""https://maps.google.com/maps/contrib/103150452160245281179/photos"">Jonas Koop</a>","CmRaAAAAt1sd8Mi6980Xukq6bPsldFsle_wEXRcg0apCx_UaWbT_e0By5i0odfsPDnh78bNLjUIZ913BxRYaWf_MeZmMOCr0SFdVye4RxPmZ-2xwGfaXBFS6pNHAgkJvE1hoThjSEhDJ6m_i3oLJjRxw9zL-Y9cNGhSWh1vmca73dlSlx4QnHOX_pOrIRQ","4640","ChIJaXQRs6lZwokRY6EFpJnhNNE","P2X7+9P New York","87G8P2X7+9P","","4.6","ChIJaXQRs6lZwokRY6EFpJnhNNE","point_of_interest","establishment","","",""
"","","","southwest","40.74700862010728","-73.98662417989271","","","","","","","","","","","","","","","","","","",""
"Central Park West & 79th St, New York, NY 10024, United States","40.7813241","-73.97398819999999","northeast","40.78267454999999","-73.97198744999999","https://maps.gstatic.com/mapfiles/place_api/icons/museum-71.png","d9dd2c58ebb5c5cb4d00b28db933b7e220a34b5a","American Museum of Natural History","True","478","<a href=""https://maps.google.com/maps/contrib/117074676945576979744/photos"">Antonio Paez</a>","CmRaAAAAWBLE2AcdmH7zShemgjc-5prOP501h8XVq9xIV0lXNyjDWMNfBuqfYSphUcwUnsnKzoUx9NJoaye9t7GhPogrroiuhYh3dHt0JFdavmRlLnhrGTdxaXDNcMptWr_ZXWspEhCLtcOYyHGb0yML64qdI91pGhQHTVeDvkgqzET2TtoAB1IfM5s4Tg","720","ChIJCXoPsPRYwokRsV1MYnKBfaI","Q2JG+GC New York","87G8Q2JG+GC","","4.6","ChIJCXoPsPRYwokRsV1MYnKBfaI","museum","point_of_interest","establishment","",""
"","","","southwest","40.77975195","-73.97557844999999","","","","","","","","","","","","","","","","","","",""
"2900 Southern Blvd, Bronx, NY 10458, USA","40.8623935","-73.8772467","northeast","40.8694696","-73.87540474999999","https://maps.gstatic.com/mapfiles/place_api/icons/generic_recreational-71.png","00d4a9d11ae62cc044510d9efce504c64187b68b","New York Botanical Garden","True","3024","<a href=""https://maps.google.com/maps/contrib/112723878764160049625/photos"">Andrew Fader</a>","CmRaAAAAPrznh_PAMjLsgxuP26_t1HGGSLpm4Ec-PFadVMAX2w1q7fMGONP8aDG2awps8Z3bimImMLps9nxn7ceBr0QCCWU27tEgw2EjARIhYxHav5EO2yi3gX2TOsBza_DTRVqGEhCWqK020hnZe8p2PamhnthwGhQ6wsycBxvRYfJ6xfd16b4nLzd4Iw","4032","ChIJyRUHuHzzwokRPxVBNKhcP9c","V46F+X4 New York","87G8V46F+X4","","4.7","ChIJyRUHuHzzwokRPxVBNKhcP9c","park","point_of_interest","establishment","",""
"","","","southwest","40.858656","-73.88277255","","","","","","","","","","","","","","","","","","",""
"Brooklyn Bridge, New York, NY 10038, USA","40.7060855","-73.9968643","northeast","40.7192285","-73.98123630000001","https://maps.gstatic.com/mapfiles/place_api/icons/generic_business-71.png","c1ac50eff9bb8e9505c59c69c4523ae94c4126fc","Brooklyn Bridge","","3024","<a href=""https://maps.google.com/maps/contrib/107893133656106660921/photos"">MyC S.Attard</a>","CmRZAAAA3DxIuFqalv_Yuj07L7qzMslvYh9R-jdFgQrrk48DV5mCbVd6oCujFE2hXTTUvAQSDe_iKjjQjALPlPwC0MMjEO_oc7ShCyGTk75n8ZkUWY472agR0vAvor4tPXs5clTdEhCKlOq0gouDMk62M5qwuyYXGhQnQu9zLa09n4f6WduLZnUjTyJlnw","4032","ChIJK3vOQyNawokRXEa9errdJiU","P243+C7 New York","87G8P243+C7","","4.7","ChIJK3vOQyNawokRXEa9errdJiU","point_of_interest","establishment","","",""
"","","","southwest","40.6886497","-74.01128110000001","","","","","","","","","","","","","","","","","","",""
"New York, NY 10006, USA","40.7092649","-74.011262","northeast","40.71059657989272","-74.00989547010727","https://maps.gstatic.com/mapfiles/place_api/icons/generic_recreational-71.png","4ac3a2a7faa4692e0894c4b2ca401538451aadd4","Zuccotti Park","","1936","<a href=""https://maps.google.com/maps/contrib/106792652186508314065/photos"">Akhilesh Joshi</a>","CmRaAAAAh_q_WlUqNdhISL7mrMLOmWgswQFC7LKN1A_lDQQ4uIA9E7enIsSl8D_kyZ8hZanawcIahbmueWxUfXmUxDqChevjD_qlitXj29eeXmT4ngWTdwk9a7LatMnzthA2FCWXEhCQBNIn_cN6wFN3VmKEPaokGhSJeWKlD2yaQmBM-JuqUfxRGlEFmQ","2592","ChIJd_J7XBdawokRpAdtBwzIx0s","PX5Q+PF New York","87G7PX5Q+PF","","4.3","ChIJd_J7XBdawokRpAdtBwzIx0s","park","point_of_interest","establishment","",""
"","","","southwest","40.70789692010727","-74.01259512989272","","","","","","","","","","","","","","","","","","",""
"79 Leonard St, New York, NY 10013, USA","40.7175412","-74.0049021","northeast","40.71879497989272","-74.00363037010729","https://maps.gstatic.com/mapfiles/place_api/icons/generic_business-71.png","42d64fa34807470d858fed0b3337bcf258c343b2","Escape Games NYC - Escape Room","True","699","<a href=""https://maps.google.com/maps/contrib/116598682819568391302/photos"">Escape Games NYC - Escape Room</a>","CmRaAAAA0QHwJGI5L8Ew_qRzbwF2Oy-KmFxtk8pQUZM76G2EdrhfRMpbEtFI8qEO5ZCY1u2b2tFXEfxdEZUcbSJm8MSLKy73Ognkp7i-yAjfnIgBSZEEuPgSoYV0RYXVzepLWI0AEhCMWRh49MDPhX72eO8oav_EGhSwN_jrT0ho2B0l_SEVWntzCngmNQ","1241","ChIJhSrwaiBawokRbZtFPKj9Mpc","","","","4.8","ChIJhSrwaiBawokRbZtFPKj9Mpc","point_of_interest","establishment","","",""
"","","","southwest","40.71609532010728","-74.00633002989272","","","","","","","","","","","","","","","","","","",""
"265 W 37th St Suite 802A, New York, NY 10018, USA","40.754271","-73.99158899999999","northeast","40.75547332989272","-73.99034687010727","https://maps.gstatic.com/mapfiles/place_api/icons/generic_business-71.png","89be4da93efd86cfa1a6d1fe4efae616d43d74bb","Escape Room NYC - Mission Escape Game","True","1152","<a href=""https://maps.google.com/maps/contrib/108438168582172794860/photos"">Mission Escape Games</a>","CmRaAAAAH4Ete3WR3R9wD7DDMUhTJASaDksAbVII8lG61MWqcG_ctgQXt73rmYCvdqunQTNu7sqY428sww_binf3SZXmJZjtAdKl0EZgvKsDbHJz5OLNalHCu3xGbqsLyjTYwIdqEhD4o_uD8xJ0Z-bh7x0RfUc3GhRl9FCsZU9-lbyuZKsaZT3E6uFzYw","2048","ChIJnc6m4ydawokRUi0a-XyHfv0","Q235+P9 New York","87G8Q235+P9","","4.8","ChIJnc6m4ydawokRUi0a-XyHfv0","point_of_interest","establishment","","",""
"","","","southwest","40.75277367010727","-73.99304652989271","","","","","","","","","","","","","","","","","","",""
"1802 65th St Transverse, New York, NY 10065, USA","40.7699237","-73.9752391","northeast","40.77115547989272","-73.97352465","https://maps.gstatic.com/mapfiles/place_api/icons/generic_business-71.png","f4d460c1f15fcccb957cf48ff688e64c7c10424c","Central Park Carousel","True","2268","<a href=""https://maps.google.com/maps/contrib/110788198419252620383/photos"">Weslley Figueiredo</a>","CmRaAAAAYs-TopFW14yDUMd-fuJge9OtGsGx2Veoruq19Wr96dRfbXEZnd6qEfoFMjI1RTXpkYHUgQ80WDjxHzk62xVqwGF6D8qgrbVOhCGPtnbu99CpbinZgXk7OHlI_KcdR52IEhChs_OhauF-oYHu_x3AM2A5GhTeZ_XJ4ybCTAOlWedEGpctWisxDQ","4032","ChIJ43Mlx_NYwokR4bkDRJ0fE2M","Q29F+XW New York","87G8Q29F+XW","","4.2","ChIJ43Mlx_NYwokR4bkDRJ0fE2M","point_of_interest","establishment","","",""
"","","","southwest","40.76845582010728","-73.97657724999998","","","","","","","","","","","","","","","","","","",""
"3059 W 12th St, Brooklyn, NY 11224, USA","40.57433839999999","-73.9781885","northeast","40.57570452989273","-73.97745145","https://maps.gstatic.com/mapfiles/place_api/icons/generic_business-71.png","90b19ff46230858b415a48c4511e17c216d0caf5","Deno's Wonder Wheel Amusement Park","False","672","<a href=""https://maps.google.com/maps/contrib/111171754225584116657/photos"">Marvin Homburg</a>","CmRaAAAA4sD5aGY8i5iS4d6yCwzfu8n7XW4kgZV1EBsZriRWkBpP0PfwTyctC22Ku_V6HxDiS0G-rB2VNWhKnKkVj8iD6SaTtXQzITIxvv_tZaJFOaw1NsUvaRxNXVwiBpE1K9rhEhCv4Q545qgG8VcAHO2IVIvVGhQIRHh5Po1DnJU7ijB_cPlsVpx31Q","1009","ChIJq2dBUzREwokRugdGFafrtIw","H2FC+PP New York","87G8H2FC+PP","","4.4","ChIJq2dBUzREwokRugdGFafrtIw","amusement_park","point_of_interest","establishment","",""
"","","","southwest","40.57300487010728","-73.98039965000001","","","","","","","","","","","","","","","","","","",""
"234 W 42nd St, New York, NY 10036, USA","40.7564269","-73.98883379999999","northeast","40.75789422989272","-73.98728872010726","https://maps.gstatic.com/mapfiles/place_api/icons/museum-71.png","91d863aed76a883afe4e320cef399278cb481e4b","Madame Tussauds","True","3024","<a href=""https://maps.google.com/maps/contrib/103052420868092199814/photos"">Sahal Mullan</a>","CmRaAAAAhTAIjixR6tOORLPyaej3ID7Oqm4WcD0VF_oaBKCwQezcdwDWyAqGiVNr1Fc8RzlJ6GDFM4Z_ij_jpElEIlWgeOdLVG4Vei8qgD0nFMsOqRJkZWz7YbxrihLFCt58s2jdEhCnvQUr5O6F0Vb0tJi8pvATGhRO40jnEASeBq7s1PtBMvnbMr9xcw","4032","ChIJ8VOfr1RYwokRhil9_pcMKuc","Q246+HF New York","87G8Q246+HF","3","4.3","ChIJ8VOfr1RYwokRhil9_pcMKuc","museum","point_of_interest","establishment","",""
"","","","southwest","40.75519457010728","-73.98998837989271","","","","","","","","","","","","","","","","","","",""
"99 Schermerhorn St, Brooklyn, NY 11201, USA","40.6904663","-73.9899714","northeast","40.69181707989272","-73.98862102010729","https://maps.gstatic.com/mapfiles/place_api/icons/museum-71.png","1c9463006879557df9105b67616dfc41e51acb2f","New York Transit Museum","False","2048","<a href=""https://maps.google.com/maps/contrib/109893824737052408310/photos"">Marcello Musumeci</a>","CmRaAAAALJtop8rnFJGitNGbES9OSVDy0UKs5O0hj5bpxXZGfvwjtoDtii97_QSZohSchvMsC6KDSTOO29HlbxOsMwWjaIgVgW_3yFh4G7_r9RpuUlyBXbeyHLUCQim9QyBVNW6iEhDBd_cjy7NmbH6jdG9kmpEjGhSuuhlitheONsfiEv3SEYIdKY9Syw","1536","ChIJdThqNVVawokRFk58UQOvtuM","M2R6+52 New York","87G8M2R6+52","2","4.6","ChIJdThqNVVawokRFk58UQOvtuM","museum","store","point_of_interest","establishment",""
"","","","southwest","40.68911742010727","-73.99132067989272","","","","","","","","","","","","","","","","","","",""
"99 Gansevoort St, New York, NY 10014, USA","40.7395877","-74.0088629","northeast","40.74081427989272","-74.00790137010728","https://maps.gstatic.com/mapfiles/place_api/icons/museum-71.png","6a6e35a1c9265a5f2b68cb954ba2c06c8dc19093","Whitney Museum of American Art","True","1365","<a href=""https://maps.google.com/maps/contrib/101701296179256596267/photos"">Michael Kang</a>","CmRaAAAAo5MTrEQsq1Z0ywEVHSnB3gQ9KmJ8NqbEcktvPJjnAQRdKYJ4ccMeWqhpX0UOQWnX6qkMe5GSfpRncWcX86IvTk8PuYwx01BkgCP5oYy7fTVXuwkIDMXUEFrivxHzuGiQEhDqUv9KXU4dVDHKMQ1ZHCX-GhRELzVpIgk-_r-fdaP_9_ITzdt8ig","2048","ChIJN3MJ6pRYwokRiXg91flSP8Y","PXQR+RF New York","87G7PXQR+RF","","4.5","ChIJN3MJ6pRYwokRiXg91flSP8Y","museum","point_of_interest","establishment","",""
"","","","southwest","40.73811462010728","-74.01060102989273","","","","","","","","","","","","","","","","","","",""
"New York, NY, USA","40.7828647","-73.9653551","northeast","40.81804399999999","-73.9339825","https://maps.gstatic.com/mapfiles/place_api/icons/generic_recreational-71.png","c9bcef33f0cc85eda31f1c7444e9b1a3b82c9a9f","Central Park","True","2832","<a href=""https://maps.google.com/maps/contrib/103463335273836161678/photos"">Ashok Rinwa</a>","CmRaAAAAunms2iu8fPwgF0ACrJkKKLTC-D9LNTZLD41Dwj2PjoKqfc7STUF3B1sgH7VKYnKzzv3Bcj6vQg3QL_bzTET8sya-0AJHZAMVRuec0em_2WhuNfwbP8o1Xmg4X_L5_PLsEhB5gQbo4H0uLzEV8CSeqwCmGhSBa-vdALYo4DzkGdd0mcp-2_VWoA","4256","ChIJ4zGFAZpYwokRGUGph3Mf37k","Q2MM+4V New York","87G8Q2MM+4V","","4.8","ChIJ4zGFAZpYwokRGUGph3Mf37k","park","point_of_interest","establishment","",""
"","","","southwest","40.7473416","-73.99703049999999","","","","","","","","","","","","","","","","","","",""
"402 5th Ave, New York, NY 10029, USA","40.7937474","-73.9524239","northeast","40.7953518","-73.95086282010728","https://maps.gstatic.com/mapfiles/place_api/icons/generic_recreational-71.png","195a5c1a78d2a97271b74fb3353e782e44a4ea5b","Conservatory Garden","True","2988","<a href=""https://maps.google.com/maps/contrib/105706630890418989295/photos"">stephen yaros</a>","CmRaAAAAgPoAXUPVGGmhKDIrw5OWYiPfZT11vp-5W6WP_6sPkP5lxKmd81EP4dTeDpIHhyU_WEiywSLfTifvRC4-iOM1eT-y7JK1AsQKpB8B7AKmfo9t9Pu39FkKctIP2_tk1pxYEhDKJTur1YIe83257xNslACvGhTB9mfLlJ6PPfZ4rAwSBbq5Vp9Fvg","3984","ChIJh70nPBz2wokR7EWPEdNPP9s","Q2VX+F2 New York","87G8Q2VX+F2","","4.7","ChIJh70nPBz2wokR7EWPEdNPP9s","park","point_of_interest","establishment","",""
"","","","southwest","40.79178860000001","-73.95356247989272","","","","","","","","","","","","","","","","","","",""
"177 Prince St, New York, NY 10012, USA","40.726449","-74.00179799999999","northeast","40.72771777989271","-74.00051872010729","https://maps.gstatic.com/mapfiles/place_api/icons/museum-71.png","81c3bfcea9cd4d1eaf2db907999725686fcbf83a","The Museum of Interesting Things Secret Speakeasy","","422","<a href=""https://maps.google.com/maps/contrib/112254172431546726634/photos"">The Museum of Interesting Things Secret Speakeasy</a>","CmRaAAAAynP_wMp5kXkARVzbfmr8Ywd7VrwVbRwMLNhOV3-s6Llp8f4HjZ3MPeQs5KFteMyMkjgwQHYbaS96URPauyI5bP--95nHo9cLqfCKscBNCn5LCndlgQRS-TYkqAd0VC-KEhAG5Z9b9hXwpRwqyXHk9JuoGhReZun9q3FGTRuy9uTV5ebqunyAxA","422","ChIJmYlexo1ZwokR1dEp7vEvIYM","PXGX+H7 New York","87G7PXGX+H7","","4.4","ChIJmYlexo1ZwokR1dEp7vEvIYM","museum","point_of_interest","establishment","",""
"","","","southwest","40.72501812010727","-74.00321837989273","","","","","","","","","","","","","","","","","","",""
"Pier 86, W 46th St, New York, NY 10036, United States","40.7645266","-73.99960759999999","northeast","40.76578527989272","-73.99790007010728","https://maps.gstatic.com/mapfiles/place_api/icons/museum-71.png","6bb43beb2047e4db91e332d24782460ccf8194c2","Intrepid Sea, Air & Space Museum","True","2592","<a href=""https://maps.google.com/maps/contrib/101946200143232268052/photos"">manuel bonomo</a>","CmRaAAAARhv8WMhFl4gBeiCbtwGGHygmh1rKfYaAUWFQtNo4VHEOPhygtUVHH2WFpSZ5C03xuggVaQwgT6zmPZBUiwfJKEaz35I5Uy0zDE9tAv-9ezK00RPqUz3kFXHkGa7OK94yEhCrH3YlU_DMhbztB9I0kAe0GhRd7UrXz5wTqhyOGx7BLJFHn44Ttw","3872","ChIJnxlg1U5YwokR8T90UrZiIwI","Q272+R5 New York","87G8Q272+R5","","4.6","ChIJnxlg1U5YwokR8T90UrZiIwI","museum","point_of_interest","establishment","",""
"","","","southwest","40.76308562010728","-74.00059972989273","","","","","","","","","","","","","","","","","","",""
"709 Lorimer St, Brooklyn, NY 11211, USA","40.718099","-73.950193","northeast","40.71945587989272","-73.94876962010727","https://maps.gstatic.com/mapfiles/place_api/icons/bar-71.png","11adf46ba822923f689f94bc4ccb747afa8574bd","Pete's Candy Store","False","3120","<a href=""https://maps.google.com/maps/contrib/103104994089669217802/photos"">Mikhail Markov</a>","CmRaAAAAi_P_3kC5cZ5y77CbDS4QS0pHH_5RP9SZIkywMChUhGooGGjfc59kQG2ujR0X04NwjlvH3EkbaO91_PC1cOIgF7rP_FKm_0K4_0y52BJe6dvPCo3t42Yygh8fgWMr3ddiEhChmRSAqGU5aMW0cvNasZHLGhQkR3X_T5I-9XzgxxF3_ZSNXt7aXQ","4160","ChIJ5dUgV1pZwokRaUaTcwzM2eA","P29X+6W New York","87G8P29X+6W","1","4.5","ChIJ5dUgV1pZwokRaUaTcwzM2eA","bar","point_of_interest","establishment","",""
"","","","southwest","40.71675622010727","-73.95146927989272","","","","","","","","","","","","","","","","","","",""
"Old Dock St, Brooklyn, NY 11201, USA","40.7044297","-73.99238629999999","northeast","40.70530482989272","-73.9892188","https://maps.gstatic.com/mapfiles/place_api/icons/generic_business-71.png","39cc68025d9cab66e9f581fcaa9f9c709d98539f","Jane's Carousel","True","3120","<a href=""https://maps.google.com/maps/contrib/102962815589246873482/photos"">William Tam</a>","CmRaAAAA80wyTjl1fQJb8NU1tQOzLu-d-x4yYFQEwx1RQ0F-GIwU7moGoA7N1vy6EyNYFq8S0jeCtScZhiSlNHtpqy1ANe0eh1hmUs3utjKnH8KuKo7dxLeXbFx-JJ_CMH9GzwMsEhBrV9Ld8HZ9YNLrz_3QwNFMGhRsd6cW9_51qW2t-as875g0C1WatA","4160","ChIJU9mVHzFawokRcNNO_Su8zGM","P235+Q2 New York","87G8P235+Q2","","4.6","ChIJU9mVHzFawokRcNNO_Su8zGM","point_of_interest","establishment","","",""
"","","","southwest","40.70260517010728","-73.9947624","","","","","","","","","","","","","","","","","","",""
"73-50 Little Neck Pkwy, Queens, NY 11004, USA","40.7481378","-73.72104279999999","northeast","40.74964162989272","-73.7187883","https://maps.gstatic.com/mapfiles/place_api/icons/museum-71.png","ec685fed6d83cfdb1a14e06b00828f20549dc1a0","Queens County Farm Museum","True","1920","<a href=""https://maps.google.com/maps/contrib/113218389039933104461/photos"">Lisa Gelman</a>","CmRZAAAA4Jw1ec4sTLO6ED-6CC3YIExtXviEJ9j4qMGvCema0ZsvVwvO3awp9fEgpz26DBmWEOKHlx0XE362q3fsQFpL_HB_ydfvCiXBRil6ZHsOmP8hrISp_HZhZxYGFVBLQAjXEhD6xReF2t3PLk8DxkVLXGWfGhTcYYiLsOHN_RuyjnhhzDv2MLBZpA","2560","ChIJ97dFr3JiwokRbeAyMsBwcnA","P7XH+7H New York","87G8P7XH+7H","","4.4","ChIJ97dFr3JiwokRbeAyMsBwcnA","museum","point_of_interest","establishment","",""
"","","","southwest","40.74694197010727","-73.72179429999998","","","","","","","","","","","","","","","","","","",""
